[2026-09-23T15:19:17.267+0000] {processor.py:186} INFO - Started process (PID=167) to work on /opt/airflow/dags/dss150p_pipeline.py
[2026-09-23T15:19:17.269+0000] {processor.py:914} INFO - Processing file /opt/airflow/dags/dss150p_pipeline.py for tasks to queue
[2026-09-23T15:19:17.275+0000] {logging_mixin.py:190} INFO - [2026-09-23T15:19:17.275+0000] {dagbag.py:588} INFO - Filling up the DagBag from /opt/airflow/dags/dss150p_pipeline.py
[2026-09-23T15:19:17.322+0000] {processor.py:925} INFO - DAG(s) 'dss150p_sales_pipeline' retrieved from /opt/airflow/dags/dss150p_pipeline.py
[2026-09-23T15:19:17.812+0000] {logging_mixin.py:190} INFO - [2026-09-23T15:19:17.812+0000] {override.py:1912} INFO - Created Permission View: can delete on DAG:dss150p_sales_pipeline
[2026-09-23T15:19:17.832+0000] {logging_mixin.py:190} INFO - [2026-09-23T15:19:17.832+0000] {override.py:1912} INFO - Created Permission View: can read on DAG:dss150p_sales_pipeline
[2026-09-23T15:19:17.851+0000] {logging_mixin.py:190} INFO - [2026-09-23T15:19:17.851+0000] {override.py:1912} INFO - Created Permission View: can edit on DAG:dss150p_sales_pipeline
[2026-09-23T15:19:17.874+0000] {logging_mixin.py:190} INFO - [2026-09-23T15:19:17.874+0000] {override.py:1912} INFO - Created Permission View: menu access on DAG Run:dss150p_sales_pipeline
[2026-09-23T15:19:17.895+0000] {logging_mixin.py:190} INFO - [2026-09-23T15:19:17.895+0000] {override.py:1912} INFO - Created Permission View: can delete on DAG Run:dss150p_sales_pipeline
[2026-09-23T15:19:17.908+0000] {logging_mixin.py:190} INFO - [2026-09-23T15:19:17.907+0000] {override.py:1912} INFO - Created Permission View: can create on DAG Run:dss150p_sales_pipeline
[2026-09-23T15:19:17.921+0000] {logging_mixin.py:190} INFO - [2026-09-23T15:19:17.920+0000] {override.py:1912} INFO - Created Permission View: can read on DAG Run:dss150p_sales_pipeline
[2026-09-23T15:19:17.954+0000] {logging_mixin.py:190} INFO - [2026-09-23T15:19:17.954+0000] {dag.py:3239} INFO - Sync 1 DAGs
[2026-09-23T15:19:18.001+0000] {logging_mixin.py:190} INFO - [2026-09-23T15:19:18.001+0000] {dag.py:3262} INFO - Creating ORM DAG for dss150p_sales_pipeline
[2026-09-23T15:19:18.073+0000] {logging_mixin.py:190} INFO - [2026-09-23T15:19:18.073+0000] {dag.py:4180} INFO - Setting next_dagrun for dss150p_sales_pipeline to 2026-09-22 02:00:00+00:00, run_after=2026-09-23 02:00:00+00:00
[2026-09-23T15:19:18.108+0000] {processor.py:208} INFO - Processing /opt/airflow/dags/dss150p_pipeline.py took 0.886 seconds
[2026-09-23T15:19:48.417+0000] {processor.py:186} INFO - Started process (PID=172) to work on /opt/airflow/dags/dss150p_pipeline.py
[2026-09-23T15:19:48.419+0000] {processor.py:914} INFO - Processing file /opt/airflow/dags/dss150p_pipeline.py for tasks to queue
[2026-09-23T15:19:48.422+0000] {logging_mixin.py:190} INFO - [2026-09-23T15:19:48.422+0000] {dagbag.py:588} INFO - Filling up the DagBag from /opt/airflow/dags/dss150p_pipeline.py
[2026-09-23T15:19:48.447+0000] {processor.py:925} INFO - DAG(s) 'dss150p_sales_pipeline' retrieved from /opt/airflow/dags/dss150p_pipeline.py
[2026-09-23T15:19:48.493+0000] {logging_mixin.py:190} INFO - [2026-09-23T15:19:48.493+0000] {dag.py:3239} INFO - Sync 1 DAGs
[2026-09-23T15:19:48.542+0000] {logging_mixin.py:190} INFO - [2026-09-23T15:19:48.541+0000] {dag.py:4180} INFO - Setting next_dagrun for dss150p_sales_pipeline to 2026-09-22 02:00:00+00:00, run_after=2026-09-23 02:00:00+00:00
[2026-09-23T15:19:48.570+0000] {processor.py:208} INFO - Processing /opt/airflow/dags/dss150p_pipeline.py took 0.162 seconds
[2026-09-23T15:20:18.661+0000] {processor.py:186} INFO - Started process (PID=177) to work on /opt/airflow/dags/dss150p_pipeline.py
[2026-09-23T15:20:18.663+0000] {processor.py:914} INFO - Processing file /opt/airflow/dags/dss150p_pipeline.py for tasks to queue
[2026-09-23T15:20:18.666+0000] {logging_mixin.py:190} INFO - [2026-09-23T15:20:18.666+0000] {dagbag.py:588} INFO - Filling up the DagBag from /opt/airflow/dags/dss150p_pipeline.py
[2026-09-23T15:20:18.691+0000] {processor.py:925} INFO - DAG(s) 'dss150p_sales_pipeline' retrieved from /opt/airflow/dags/dss150p_pipeline.py
[2026-09-23T15:20:18.769+0000] {logging_mixin.py:190} INFO - [2026-09-23T15:20:18.769+0000] {dag.py:3239} INFO - Sync 1 DAGs
[2026-09-23T15:20:18.803+0000] {logging_mixin.py:190} INFO - [2026-09-23T15:20:18.803+0000] {dag.py:4180} INFO - Setting next_dagrun for dss150p_sales_pipeline to 2026-09-22 02:00:00+00:00, run_after=2026-09-23 02:00:00+00:00
[2026-09-23T15:20:18.829+0000] {processor.py:208} INFO - Processing /opt/airflow/dags/dss150p_pipeline.py took 0.175 seconds
[2026-09-23T15:20:48.963+0000] {processor.py:186} INFO - Started process (PID=182) to work on /opt/airflow/dags/dss150p_pipeline.py
[2026-09-23T15:20:48.965+0000] {processor.py:914} INFO - Processing file /opt/airflow/dags/dss150p_pipeline.py for tasks to queue
[2026-09-23T15:20:48.969+0000] {logging_mixin.py:190} INFO - [2026-09-23T15:20:48.968+0000] {dagbag.py:588} INFO - Filling up the DagBag from /opt/airflow/dags/dss150p_pipeline.py
[2026-09-23T15:20:48.993+0000] {processor.py:925} INFO - DAG(s) 'dss150p_sales_pipeline' retrieved from /opt/airflow/dags/dss150p_pipeline.py
[2026-09-23T15:20:49.042+0000] {logging_mixin.py:190} INFO - [2026-09-23T15:20:49.042+0000] {dag.py:3239} INFO - Sync 1 DAGs
[2026-09-23T15:20:49.067+0000] {logging_mixin.py:190} INFO - [2026-09-23T15:20:49.066+0000] {dag.py:4180} INFO - Setting next_dagrun for dss150p_sales_pipeline to 2026-09-22 02:00:00+00:00, run_after=2026-09-23 02:00:00+00:00
[2026-09-23T15:20:49.085+0000] {processor.py:208} INFO - Processing /opt/airflow/dags/dss150p_pipeline.py took 0.129 seconds
[2026-09-23T15:21:19.196+0000] {processor.py:186} INFO - Started process (PID=187) to work on /opt/airflow/dags/dss150p_pipeline.py
[2026-09-23T15:21:19.197+0000] {processor.py:914} INFO - Processing file /opt/airflow/dags/dss150p_pipeline.py for tasks to queue
[2026-09-23T15:21:19.199+0000] {logging_mixin.py:190} INFO - [2026-09-23T15:21:19.199+0000] {dagbag.py:588} INFO - Filling up the DagBag from /opt/airflow/dags/dss150p_pipeline.py
[2026-09-23T15:21:19.225+0000] {processor.py:925} INFO - DAG(s) 'dss150p_sales_pipeline' retrieved from /opt/airflow/dags/dss150p_pipeline.py
[2026-09-23T15:21:19.302+0000] {logging_mixin.py:190} INFO - [2026-09-23T15:21:19.301+0000] {dag.py:3239} INFO - Sync 1 DAGs
[2026-09-23T15:21:19.333+0000] {logging_mixin.py:190} INFO - [2026-09-23T15:21:19.333+0000] {dag.py:4180} INFO - Setting next_dagrun for dss150p_sales_pipeline to 2026-09-22 02:00:00+00:00, run_after=2026-09-23 02:00:00+00:00
[2026-09-23T15:21:19.382+0000] {processor.py:208} INFO - Processing /opt/airflow/dags/dss150p_pipeline.py took 0.194 seconds
[2026-09-23T15:21:49.653+0000] {processor.py:186} INFO - Started process (PID=192) to work on /opt/airflow/dags/dss150p_pipeline.py
[2026-09-23T15:21:49.655+0000] {processor.py:914} INFO - Processing file /opt/airflow/dags/dss150p_pipeline.py for tasks to queue
[2026-09-23T15:21:49.658+0000] {logging_mixin.py:190} INFO - [2026-09-23T15:21:49.658+0000] {dagbag.py:588} INFO - Filling up the DagBag from /opt/airflow/dags/dss150p_pipeline.py
[2026-09-23T15:21:49.690+0000] {processor.py:925} INFO - DAG(s) 'dss150p_sales_pipeline' retrieved from /opt/airflow/dags/dss150p_pipeline.py
[2026-09-23T15:21:49.746+0000] {logging_mixin.py:190} INFO - [2026-09-23T15:21:49.746+0000] {dag.py:3239} INFO - Sync 1 DAGs
[2026-09-23T15:21:49.780+0000] {logging_mixin.py:190} INFO - [2026-09-23T15:21:49.780+0000] {dag.py:4180} INFO - Setting next_dagrun for dss150p_sales_pipeline to 2026-09-22 02:00:00+00:00, run_after=2026-09-23 02:00:00+00:00
[2026-09-23T15:21:49.807+0000] {processor.py:208} INFO - Processing /opt/airflow/dags/dss150p_pipeline.py took 0.162 seconds
[2026-09-23T15:22:19.870+0000] {processor.py:186} INFO - Started process (PID=197) to work on /opt/airflow/dags/dss150p_pipeline.py
[2026-09-23T15:22:19.872+0000] {processor.py:914} INFO - Processing file /opt/airflow/dags/dss150p_pipeline.py for tasks to queue
[2026-09-23T15:22:19.875+0000] {logging_mixin.py:190} INFO - [2026-09-23T15:22:19.874+0000] {dagbag.py:588} INFO - Filling up the DagBag from /opt/airflow/dags/dss150p_pipeline.py
[2026-09-23T15:22:19.898+0000] {processor.py:925} INFO - DAG(s) 'dss150p_sales_pipeline' retrieved from /opt/airflow/dags/dss150p_pipeline.py
[2026-09-23T15:22:19.966+0000] {logging_mixin.py:190} INFO - [2026-09-23T15:22:19.966+0000] {dag.py:3239} INFO - Sync 1 DAGs
[2026-09-23T15:22:19.990+0000] {logging_mixin.py:190} INFO - [2026-09-23T15:22:19.990+0000] {dag.py:4180} INFO - Setting next_dagrun for dss150p_sales_pipeline to 2026-09-22 02:00:00+00:00, run_after=2026-09-23 02:00:00+00:00
[2026-09-23T15:22:20.009+0000] {processor.py:208} INFO - Processing /opt/airflow/dags/dss150p_pipeline.py took 0.147 seconds
[2026-09-23T15:22:50.197+0000] {processor.py:186} INFO - Started process (PID=202) to work on /opt/airflow/dags/dss150p_pipeline.py
[2026-09-23T15:22:50.198+0000] {processor.py:914} INFO - Processing file /opt/airflow/dags/dss150p_pipeline.py for tasks to queue
[2026-09-23T15:22:50.201+0000] {logging_mixin.py:190} INFO - [2026-09-23T15:22:50.201+0000] {dagbag.py:588} INFO - Filling up the DagBag from /opt/airflow/dags/dss150p_pipeline.py
[2026-09-23T15:22:50.230+0000] {processor.py:925} INFO - DAG(s) 'dss150p_sales_pipeline' retrieved from /opt/airflow/dags/dss150p_pipeline.py
[2026-09-23T15:22:50.293+0000] {logging_mixin.py:190} INFO - [2026-09-23T15:22:50.293+0000] {dag.py:3239} INFO - Sync 1 DAGs
[2026-09-23T15:22:50.328+0000] {logging_mixin.py:190} INFO - [2026-09-23T15:22:50.327+0000] {dag.py:4180} INFO - Setting next_dagrun for dss150p_sales_pipeline to 2026-09-22 02:00:00+00:00, run_after=2026-09-23 02:00:00+00:00
[2026-09-23T15:22:50.351+0000] {processor.py:208} INFO - Processing /opt/airflow/dags/dss150p_pipeline.py took 0.161 seconds
[2026-09-23T15:23:05.296+0000] {processor.py:186} INFO - Started process (PID=207) to work on /opt/airflow/dags/dss150p_pipeline.py
[2026-09-23T15:23:05.297+0000] {processor.py:914} INFO - Processing file /opt/airflow/dags/dss150p_pipeline.py for tasks to queue
[2026-09-23T15:23:05.300+0000] {logging_mixin.py:190} INFO - [2026-09-23T15:23:05.299+0000] {dagbag.py:588} INFO - Filling up the DagBag from /opt/airflow/dags/dss150p_pipeline.py
[2026-09-23T15:23:05.331+0000] {processor.py:925} INFO - DAG(s) 'dss150p_sales_pipeline' retrieved from /opt/airflow/dags/dss150p_pipeline.py
[2026-09-23T15:23:05.497+0000] {logging_mixin.py:190} INFO - [2026-09-23T15:23:05.497+0000] {dag.py:3239} INFO - Sync 1 DAGs
[2026-09-23T15:23:05.521+0000] {logging_mixin.py:190} INFO - [2026-09-23T15:23:05.520+0000] {dag.py:4180} INFO - Setting next_dagrun for dss150p_sales_pipeline to 2026-09-22 02:00:00+00:00, run_after=2026-09-23 02:00:00+00:00
[2026-09-23T15:23:05.541+0000] {processor.py:208} INFO - Processing /opt/airflow/dags/dss150p_pipeline.py took 0.253 seconds
[2026-09-23T15:23:06.482+0000] {processor.py:186} INFO - Started process (PID=212) to work on /opt/airflow/dags/dss150p_pipeline.py
[2026-09-23T15:23:06.483+0000] {processor.py:914} INFO - Processing file /opt/airflow/dags/dss150p_pipeline.py for tasks to queue
[2026-09-23T15:23:06.487+0000] {logging_mixin.py:190} INFO - [2026-09-23T15:23:06.486+0000] {dagbag.py:588} INFO - Filling up the DagBag from /opt/airflow/dags/dss150p_pipeline.py
[2026-09-23T15:23:06.518+0000] {processor.py:925} INFO - DAG(s) 'dss150p_sales_pipeline' retrieved from /opt/airflow/dags/dss150p_pipeline.py
[2026-09-23T15:23:06.538+0000] {logging_mixin.py:190} INFO - [2026-09-23T15:23:06.538+0000] {dag.py:3239} INFO - Sync 1 DAGs
[2026-09-23T15:23:06.565+0000] {logging_mixin.py:190} INFO - [2026-09-23T15:23:06.565+0000] {dag.py:4180} INFO - Setting next_dagrun for dss150p_sales_pipeline to 2026-09-22 02:00:00+00:00, run_after=2026-09-23 02:00:00+00:00
[2026-09-23T15:23:06.586+0000] {processor.py:208} INFO - Processing /opt/airflow/dags/dss150p_pipeline.py took 0.113 seconds
[2026-09-23T15:23:36.837+0000] {processor.py:186} INFO - Started process (PID=217) to work on /opt/airflow/dags/dss150p_pipeline.py
[2026-09-23T15:23:36.838+0000] {processor.py:914} INFO - Processing file /opt/airflow/dags/dss150p_pipeline.py for tasks to queue
[2026-09-23T15:23:36.841+0000] {logging_mixin.py:190} INFO - [2026-09-23T15:23:36.841+0000] {dagbag.py:588} INFO - Filling up the DagBag from /opt/airflow/dags/dss150p_pipeline.py
[2026-09-23T15:23:36.863+0000] {processor.py:925} INFO - DAG(s) 'dss150p_sales_pipeline' retrieved from /opt/airflow/dags/dss150p_pipeline.py
[2026-09-23T15:23:36.910+0000] {logging_mixin.py:190} INFO - [2026-09-23T15:23:36.910+0000] {dag.py:3239} INFO - Sync 1 DAGs
[2026-09-23T15:23:36.933+0000] {logging_mixin.py:190} INFO - [2026-09-23T15:23:36.933+0000] {dag.py:4180} INFO - Setting next_dagrun for dss150p_sales_pipeline to 2026-09-22 02:00:00+00:00, run_after=2026-09-23 02:00:00+00:00
[2026-09-23T15:23:36.951+0000] {processor.py:208} INFO - Processing /opt/airflow/dags/dss150p_pipeline.py took 0.120 seconds
[2026-09-23T15:24:07.049+0000] {processor.py:186} INFO - Started process (PID=222) to work on /opt/airflow/dags/dss150p_pipeline.py
[2026-09-23T15:24:07.051+0000] {processor.py:914} INFO - Processing file /opt/airflow/dags/dss150p_pipeline.py for tasks to queue
[2026-09-23T15:24:07.053+0000] {logging_mixin.py:190} INFO - [2026-09-23T15:24:07.053+0000] {dagbag.py:588} INFO - Filling up the DagBag from /opt/airflow/dags/dss150p_pipeline.py
[2026-09-23T15:24:07.099+0000] {processor.py:925} INFO - DAG(s) 'dss150p_sales_pipeline' retrieved from /opt/airflow/dags/dss150p_pipeline.py
[2026-09-23T15:24:07.213+0000] {logging_mixin.py:190} INFO - [2026-09-23T15:24:07.213+0000] {dag.py:3239} INFO - Sync 1 DAGs
[2026-09-23T15:24:07.239+0000] {logging_mixin.py:190} INFO - [2026-09-23T15:24:07.238+0000] {dag.py:4180} INFO - Setting next_dagrun for dss150p_sales_pipeline to 2026-09-22 02:00:00+00:00, run_after=2026-09-23 02:00:00+00:00
[2026-09-23T15:24:07.262+0000] {processor.py:208} INFO - Processing /opt/airflow/dags/dss150p_pipeline.py took 0.220 seconds
[2026-09-23T15:24:37.397+0000] {processor.py:186} INFO - Started process (PID=227) to work on /opt/airflow/dags/dss150p_pipeline.py
[2026-09-23T15:24:37.399+0000] {processor.py:914} INFO - Processing file /opt/airflow/dags/dss150p_pipeline.py for tasks to queue
[2026-09-23T15:24:37.401+0000] {logging_mixin.py:190} INFO - [2026-09-23T15:24:37.401+0000] {dagbag.py:588} INFO - Filling up the DagBag from /opt/airflow/dags/dss150p_pipeline.py
[2026-09-23T15:24:37.422+0000] {processor.py:925} INFO - DAG(s) 'dss150p_sales_pipeline' retrieved from /opt/airflow/dags/dss150p_pipeline.py
[2026-09-23T15:24:37.468+0000] {logging_mixin.py:190} INFO - [2026-09-23T15:24:37.468+0000] {dag.py:3239} INFO - Sync 1 DAGs
[2026-09-23T15:24:37.491+0000] {logging_mixin.py:190} INFO - [2026-09-23T15:24:37.491+0000] {dag.py:4180} INFO - Setting next_dagrun for dss150p_sales_pipeline to 2026-09-22 02:00:00+00:00, run_after=2026-09-23 02:00:00+00:00
[2026-09-23T15:24:37.535+0000] {processor.py:208} INFO - Processing /opt/airflow/dags/dss150p_pipeline.py took 0.143 seconds
[2026-09-23T15:25:07.618+0000] {processor.py:186} INFO - Started process (PID=239) to work on /opt/airflow/dags/dss150p_pipeline.py
[2026-09-23T15:25:07.620+0000] {processor.py:914} INFO - Processing file /opt/airflow/dags/dss150p_pipeline.py for tasks to queue
[2026-09-23T15:25:07.623+0000] {logging_mixin.py:190} INFO - [2026-09-23T15:25:07.622+0000] {dagbag.py:588} INFO - Filling up the DagBag from /opt/airflow/dags/dss150p_pipeline.py
[2026-09-23T15:25:07.648+0000] {processor.py:925} INFO - DAG(s) 'dss150p_sales_pipeline' retrieved from /opt/airflow/dags/dss150p_pipeline.py
[2026-09-23T15:25:07.719+0000] {logging_mixin.py:190} INFO - [2026-09-23T15:25:07.719+0000] {dag.py:3239} INFO - Sync 1 DAGs
[2026-09-23T15:25:07.743+0000] {logging_mixin.py:190} INFO - [2026-09-23T15:25:07.743+0000] {dag.py:4180} INFO - Setting next_dagrun for dss150p_sales_pipeline to 2026-09-22 02:00:00+00:00, run_after=2026-09-23 02:00:00+00:00
[2026-09-23T15:25:07.761+0000] {processor.py:208} INFO - Processing /opt/airflow/dags/dss150p_pipeline.py took 0.151 seconds
[2026-09-23T15:25:37.901+0000] {processor.py:186} INFO - Started process (PID=258) to work on /opt/airflow/dags/dss150p_pipeline.py
[2026-09-23T15:25:37.902+0000] {processor.py:914} INFO - Processing file /opt/airflow/dags/dss150p_pipeline.py for tasks to queue
[2026-09-23T15:25:37.906+0000] {logging_mixin.py:190} INFO - [2026-09-23T15:25:37.906+0000] {dagbag.py:588} INFO - Filling up the DagBag from /opt/airflow/dags/dss150p_pipeline.py
[2026-09-23T15:25:37.932+0000] {processor.py:925} INFO - DAG(s) 'dss150p_sales_pipeline' retrieved from /opt/airflow/dags/dss150p_pipeline.py
[2026-09-23T15:25:37.984+0000] {logging_mixin.py:190} INFO - [2026-09-23T15:25:37.983+0000] {dag.py:3239} INFO - Sync 1 DAGs
[2026-09-23T15:25:38.008+0000] {logging_mixin.py:190} INFO - [2026-09-23T15:25:38.008+0000] {dag.py:4180} INFO - Setting next_dagrun for dss150p_sales_pipeline to 2026-09-22 02:00:00+00:00, run_after=2026-09-23 02:00:00+00:00
[2026-09-23T15:25:38.030+0000] {processor.py:208} INFO - Processing /opt/airflow/dags/dss150p_pipeline.py took 0.138 seconds
[2026-09-23T15:26:08.142+0000] {processor.py:186} INFO - Started process (PID=263) to work on /opt/airflow/dags/dss150p_pipeline.py
[2026-09-23T15:26:08.143+0000] {processor.py:914} INFO - Processing file /opt/airflow/dags/dss150p_pipeline.py for tasks to queue
[2026-09-23T15:26:08.148+0000] {logging_mixin.py:190} INFO - [2026-09-23T15:26:08.148+0000] {dagbag.py:588} INFO - Filling up the DagBag from /opt/airflow/dags/dss150p_pipeline.py
[2026-09-23T15:26:08.192+0000] {processor.py:925} INFO - DAG(s) 'dss150p_sales_pipeline' retrieved from /opt/airflow/dags/dss150p_pipeline.py
[2026-09-23T15:26:08.310+0000] {logging_mixin.py:190} INFO - [2026-09-23T15:26:08.310+0000] {dag.py:3239} INFO - Sync 1 DAGs
[2026-09-23T15:26:08.333+0000] {logging_mixin.py:190} INFO - [2026-09-23T15:26:08.333+0000] {dag.py:4180} INFO - Setting next_dagrun for dss150p_sales_pipeline to 2026-09-22 02:00:00+00:00, run_after=2026-09-23 02:00:00+00:00
[2026-09-23T15:26:08.353+0000] {processor.py:208} INFO - Processing /opt/airflow/dags/dss150p_pipeline.py took 0.221 seconds
[2026-09-23T15:26:10.319+0000] {processor.py:186} INFO - Started process (PID=268) to work on /opt/airflow/dags/dss150p_pipeline.py
[2026-09-23T15:26:10.321+0000] {processor.py:914} INFO - Processing file /opt/airflow/dags/dss150p_pipeline.py for tasks to queue
[2026-09-23T15:26:10.325+0000] {logging_mixin.py:190} INFO - [2026-09-23T15:26:10.324+0000] {dagbag.py:588} INFO - Filling up the DagBag from /opt/airflow/dags/dss150p_pipeline.py
[2026-09-23T15:26:10.359+0000] {processor.py:925} INFO - DAG(s) 'dss150p_sales_pipeline' retrieved from /opt/airflow/dags/dss150p_pipeline.py
[2026-09-23T15:26:10.513+0000] {logging_mixin.py:190} INFO - [2026-09-23T15:26:10.513+0000] {dag.py:3239} INFO - Sync 1 DAGs
[2026-09-23T15:26:10.547+0000] {logging_mixin.py:190} INFO - [2026-09-23T15:26:10.547+0000] {dag.py:4180} INFO - Setting next_dagrun for dss150p_sales_pipeline to 2026-09-22 02:00:00+00:00, run_after=2026-09-23 02:00:00+00:00
[2026-09-23T15:26:10.569+0000] {processor.py:208} INFO - Processing /opt/airflow/dags/dss150p_pipeline.py took 0.259 seconds
[2026-09-23T15:26:46.506+0000] {processor.py:186} INFO - Started process (PID=167) to work on /opt/airflow/dags/dss150p_pipeline.py
[2026-09-23T15:26:46.508+0000] {processor.py:914} INFO - Processing file /opt/airflow/dags/dss150p_pipeline.py for tasks to queue
[2026-09-23T15:26:46.510+0000] {logging_mixin.py:190} INFO - [2026-09-23T15:26:46.509+0000] {dagbag.py:588} INFO - Filling up the DagBag from /opt/airflow/dags/dss150p_pipeline.py
[2026-09-23T15:26:46.532+0000] {processor.py:925} INFO - DAG(s) 'dss150p_sales_pipeline' retrieved from /opt/airflow/dags/dss150p_pipeline.py
[2026-09-23T15:26:46.584+0000] {logging_mixin.py:190} INFO - [2026-09-23T15:26:46.584+0000] {dag.py:3239} INFO - Sync 1 DAGs
[2026-09-23T15:26:46.605+0000] {logging_mixin.py:190} INFO - [2026-09-23T15:26:46.605+0000] {dag.py:4180} INFO - Setting next_dagrun for dss150p_sales_pipeline to 2026-09-22 02:00:00+00:00, run_after=2026-09-23 02:00:00+00:00
[2026-09-23T15:26:46.622+0000] {processor.py:208} INFO - Processing /opt/airflow/dags/dss150p_pipeline.py took 0.123 seconds
[2026-09-23T15:27:16.780+0000] {processor.py:186} INFO - Started process (PID=186) to work on /opt/airflow/dags/dss150p_pipeline.py
[2026-09-23T15:27:16.781+0000] {processor.py:914} INFO - Processing file /opt/airflow/dags/dss150p_pipeline.py for tasks to queue
[2026-09-23T15:27:16.784+0000] {logging_mixin.py:190} INFO - [2026-09-23T15:27:16.784+0000] {dagbag.py:588} INFO - Filling up the DagBag from /opt/airflow/dags/dss150p_pipeline.py
[2026-09-23T15:27:16.807+0000] {processor.py:925} INFO - DAG(s) 'dss150p_sales_pipeline' retrieved from /opt/airflow/dags/dss150p_pipeline.py
[2026-09-23T15:27:16.902+0000] {logging_mixin.py:190} INFO - [2026-09-23T15:27:16.902+0000] {dag.py:3239} INFO - Sync 1 DAGs
[2026-09-23T15:27:16.926+0000] {logging_mixin.py:190} INFO - [2026-09-23T15:27:16.925+0000] {dag.py:4180} INFO - Setting next_dagrun for dss150p_sales_pipeline to 2026-09-22 02:00:00+00:00, run_after=2026-09-23 02:00:00+00:00
[2026-09-23T15:27:16.945+0000] {processor.py:208} INFO - Processing /opt/airflow/dags/dss150p_pipeline.py took 0.172 seconds
[2026-09-23T15:27:47.087+0000] {processor.py:186} INFO - Started process (PID=368) to work on /opt/airflow/dags/dss150p_pipeline.py
[2026-09-23T15:27:47.088+0000] {processor.py:914} INFO - Processing file /opt/airflow/dags/dss150p_pipeline.py for tasks to queue
[2026-09-23T15:27:47.091+0000] {logging_mixin.py:190} INFO - [2026-09-23T15:27:47.091+0000] {dagbag.py:588} INFO - Filling up the DagBag from /opt/airflow/dags/dss150p_pipeline.py
[2026-09-23T15:27:47.118+0000] {processor.py:925} INFO - DAG(s) 'dss150p_sales_pipeline' retrieved from /opt/airflow/dags/dss150p_pipeline.py
[2026-09-23T15:27:47.178+0000] {logging_mixin.py:190} INFO - [2026-09-23T15:27:47.178+0000] {dag.py:3239} INFO - Sync 1 DAGs
[2026-09-23T15:27:47.208+0000] {logging_mixin.py:190} INFO - [2026-09-23T15:27:47.207+0000] {dag.py:4180} INFO - Setting next_dagrun for dss150p_sales_pipeline to 2026-09-23 02:00:00+00:00, run_after=2026-09-24 02:00:00+00:00
[2026-09-23T15:27:47.263+0000] {processor.py:208} INFO - Processing /opt/airflow/dags/dss150p_pipeline.py took 0.184 seconds
[2026-09-23T15:28:17.404+0000] {processor.py:186} INFO - Started process (PID=397) to work on /opt/airflow/dags/dss150p_pipeline.py
[2026-09-23T15:28:17.405+0000] {processor.py:914} INFO - Processing file /opt/airflow/dags/dss150p_pipeline.py for tasks to queue
[2026-09-23T15:28:17.407+0000] {logging_mixin.py:190} INFO - [2026-09-23T15:28:17.407+0000] {dagbag.py:588} INFO - Filling up the DagBag from /opt/airflow/dags/dss150p_pipeline.py
[2026-09-23T15:28:17.428+0000] {processor.py:925} INFO - DAG(s) 'dss150p_sales_pipeline' retrieved from /opt/airflow/dags/dss150p_pipeline.py
[2026-09-23T15:28:17.479+0000] {logging_mixin.py:190} INFO - [2026-09-23T15:28:17.479+0000] {dag.py:3239} INFO - Sync 1 DAGs
[2026-09-23T15:28:17.501+0000] {logging_mixin.py:190} INFO - [2026-09-23T15:28:17.501+0000] {dag.py:4180} INFO - Setting next_dagrun for dss150p_sales_pipeline to 2026-09-23 02:00:00+00:00, run_after=2026-09-24 02:00:00+00:00
[2026-09-23T15:28:17.518+0000] {processor.py:208} INFO - Processing /opt/airflow/dags/dss150p_pipeline.py took 0.120 seconds
[2026-09-23T15:28:47.655+0000] {processor.py:186} INFO - Started process (PID=416) to work on /opt/airflow/dags/dss150p_pipeline.py
[2026-09-23T15:28:47.656+0000] {processor.py:914} INFO - Processing file /opt/airflow/dags/dss150p_pipeline.py for tasks to queue
[2026-09-23T15:28:47.659+0000] {logging_mixin.py:190} INFO - [2026-09-23T15:28:47.658+0000] {dagbag.py:588} INFO - Filling up the DagBag from /opt/airflow/dags/dss150p_pipeline.py
[2026-09-23T15:28:47.680+0000] {processor.py:925} INFO - DAG(s) 'dss150p_sales_pipeline' retrieved from /opt/airflow/dags/dss150p_pipeline.py
[2026-09-23T15:28:47.729+0000] {logging_mixin.py:190} INFO - [2026-09-23T15:28:47.729+0000] {dag.py:3239} INFO - Sync 1 DAGs
[2026-09-23T15:28:47.752+0000] {logging_mixin.py:190} INFO - [2026-09-23T15:28:47.752+0000] {dag.py:4180} INFO - Setting next_dagrun for dss150p_sales_pipeline to 2026-09-23 02:00:00+00:00, run_after=2026-09-24 02:00:00+00:00
[2026-09-23T15:28:47.787+0000] {processor.py:208} INFO - Processing /opt/airflow/dags/dss150p_pipeline.py took 0.138 seconds
[2026-09-23T15:29:17.899+0000] {processor.py:186} INFO - Started process (PID=421) to work on /opt/airflow/dags/dss150p_pipeline.py
[2026-09-23T15:29:17.901+0000] {processor.py:914} INFO - Processing file /opt/airflow/dags/dss150p_pipeline.py for tasks to queue
[2026-09-23T15:29:17.904+0000] {logging_mixin.py:190} INFO - [2026-09-23T15:29:17.904+0000] {dagbag.py:588} INFO - Filling up the DagBag from /opt/airflow/dags/dss150p_pipeline.py
[2026-09-23T15:29:17.934+0000] {processor.py:925} INFO - DAG(s) 'dss150p_sales_pipeline' retrieved from /opt/airflow/dags/dss150p_pipeline.py
[2026-09-23T15:29:17.989+0000] {logging_mixin.py:190} INFO - [2026-09-23T15:29:17.989+0000] {dag.py:3239} INFO - Sync 1 DAGs
[2026-09-23T15:29:18.013+0000] {logging_mixin.py:190} INFO - [2026-09-23T15:29:18.013+0000] {dag.py:4180} INFO - Setting next_dagrun for dss150p_sales_pipeline to 2026-09-23 02:00:00+00:00, run_after=2026-09-24 02:00:00+00:00
[2026-09-23T15:29:18.035+0000] {processor.py:208} INFO - Processing /opt/airflow/dags/dss150p_pipeline.py took 0.145 seconds
[2026-09-23T15:29:48.238+0000] {processor.py:186} INFO - Started process (PID=426) to work on /opt/airflow/dags/dss150p_pipeline.py
[2026-09-23T15:29:48.239+0000] {processor.py:914} INFO - Processing file /opt/airflow/dags/dss150p_pipeline.py for tasks to queue
[2026-09-23T15:29:48.243+0000] {logging_mixin.py:190} INFO - [2026-09-23T15:29:48.242+0000] {dagbag.py:588} INFO - Filling up the DagBag from /opt/airflow/dags/dss150p_pipeline.py
[2026-09-23T15:29:48.268+0000] {processor.py:925} INFO - DAG(s) 'dss150p_sales_pipeline' retrieved from /opt/airflow/dags/dss150p_pipeline.py
[2026-09-23T15:29:48.347+0000] {logging_mixin.py:190} INFO - [2026-09-23T15:29:48.346+0000] {dag.py:3239} INFO - Sync 1 DAGs
[2026-09-23T15:29:48.407+0000] {logging_mixin.py:190} INFO - [2026-09-23T15:29:48.406+0000] {dag.py:4180} INFO - Setting next_dagrun for dss150p_sales_pipeline to 2026-09-23 02:00:00+00:00, run_after=2026-09-24 02:00:00+00:00
[2026-09-23T15:29:48.447+0000] {processor.py:208} INFO - Processing /opt/airflow/dags/dss150p_pipeline.py took 0.216 seconds
[2026-09-23T15:30:18.663+0000] {processor.py:186} INFO - Started process (PID=431) to work on /opt/airflow/dags/dss150p_pipeline.py
[2026-09-23T15:30:18.664+0000] {processor.py:914} INFO - Processing file /opt/airflow/dags/dss150p_pipeline.py for tasks to queue
[2026-09-23T15:30:18.666+0000] {logging_mixin.py:190} INFO - [2026-09-23T15:30:18.666+0000] {dagbag.py:588} INFO - Filling up the DagBag from /opt/airflow/dags/dss150p_pipeline.py
[2026-09-23T15:30:18.687+0000] {processor.py:925} INFO - DAG(s) 'dss150p_sales_pipeline' retrieved from /opt/airflow/dags/dss150p_pipeline.py
[2026-09-23T15:30:18.747+0000] {logging_mixin.py:190} INFO - [2026-09-23T15:30:18.746+0000] {dag.py:3239} INFO - Sync 1 DAGs
[2026-09-23T15:30:18.769+0000] {logging_mixin.py:190} INFO - [2026-09-23T15:30:18.769+0000] {dag.py:4180} INFO - Setting next_dagrun for dss150p_sales_pipeline to 2026-09-23 02:00:00+00:00, run_after=2026-09-24 02:00:00+00:00
[2026-09-23T15:30:18.795+0000] {processor.py:208} INFO - Processing /opt/airflow/dags/dss150p_pipeline.py took 0.138 seconds
[2026-09-23T15:30:48.896+0000] {processor.py:186} INFO - Started process (PID=436) to work on /opt/airflow/dags/dss150p_pipeline.py
[2026-09-23T15:30:48.897+0000] {processor.py:914} INFO - Processing file /opt/airflow/dags/dss150p_pipeline.py for tasks to queue
[2026-09-23T15:30:48.899+0000] {logging_mixin.py:190} INFO - [2026-09-23T15:30:48.899+0000] {dagbag.py:588} INFO - Filling up the DagBag from /opt/airflow/dags/dss150p_pipeline.py
[2026-09-23T15:30:48.919+0000] {processor.py:925} INFO - DAG(s) 'dss150p_sales_pipeline' retrieved from /opt/airflow/dags/dss150p_pipeline.py
[2026-09-23T15:30:48.969+0000] {logging_mixin.py:190} INFO - [2026-09-23T15:30:48.968+0000] {dag.py:3239} INFO - Sync 1 DAGs
[2026-09-23T15:30:48.991+0000] {logging_mixin.py:190} INFO - [2026-09-23T15:30:48.991+0000] {dag.py:4180} INFO - Setting next_dagrun for dss150p_sales_pipeline to 2026-09-23 02:00:00+00:00, run_after=2026-09-24 02:00:00+00:00
[2026-09-23T15:30:49.008+0000] {processor.py:208} INFO - Processing /opt/airflow/dags/dss150p_pipeline.py took 0.118 seconds
[2026-09-23T15:31:19.183+0000] {processor.py:186} INFO - Started process (PID=441) to work on /opt/airflow/dags/dss150p_pipeline.py
[2026-09-23T15:31:19.183+0000] {processor.py:914} INFO - Processing file /opt/airflow/dags/dss150p_pipeline.py for tasks to queue
[2026-09-23T15:31:19.186+0000] {logging_mixin.py:190} INFO - [2026-09-23T15:31:19.186+0000] {dagbag.py:588} INFO - Filling up the DagBag from /opt/airflow/dags/dss150p_pipeline.py
[2026-09-23T15:31:19.207+0000] {processor.py:925} INFO - DAG(s) 'dss150p_sales_pipeline' retrieved from /opt/airflow/dags/dss150p_pipeline.py
[2026-09-23T15:31:19.267+0000] {logging_mixin.py:190} INFO - [2026-09-23T15:31:19.267+0000] {dag.py:3239} INFO - Sync 1 DAGs
[2026-09-23T15:31:19.291+0000] {logging_mixin.py:190} INFO - [2026-09-23T15:31:19.291+0000] {dag.py:4180} INFO - Setting next_dagrun for dss150p_sales_pipeline to 2026-09-23 02:00:00+00:00, run_after=2026-09-24 02:00:00+00:00
[2026-09-23T15:31:19.310+0000] {processor.py:208} INFO - Processing /opt/airflow/dags/dss150p_pipeline.py took 0.133 seconds
[2026-09-23T15:31:49.507+0000] {processor.py:186} INFO - Started process (PID=446) to work on /opt/airflow/dags/dss150p_pipeline.py
[2026-09-23T15:31:49.508+0000] {processor.py:914} INFO - Processing file /opt/airflow/dags/dss150p_pipeline.py for tasks to queue
[2026-09-23T15:31:49.510+0000] {logging_mixin.py:190} INFO - [2026-09-23T15:31:49.510+0000] {dagbag.py:588} INFO - Filling up the DagBag from /opt/airflow/dags/dss150p_pipeline.py
[2026-09-23T15:31:49.530+0000] {processor.py:925} INFO - DAG(s) 'dss150p_sales_pipeline' retrieved from /opt/airflow/dags/dss150p_pipeline.py
[2026-09-23T15:31:49.583+0000] {logging_mixin.py:190} INFO - [2026-09-23T15:31:49.582+0000] {dag.py:3239} INFO - Sync 1 DAGs
[2026-09-23T15:31:49.612+0000] {logging_mixin.py:190} INFO - [2026-09-23T15:31:49.611+0000] {dag.py:4180} INFO - Setting next_dagrun for dss150p_sales_pipeline to 2026-09-23 02:00:00+00:00, run_after=2026-09-24 02:00:00+00:00
[2026-09-23T15:31:49.639+0000] {processor.py:208} INFO - Processing /opt/airflow/dags/dss150p_pipeline.py took 0.137 seconds
[2026-09-23T15:32:19.752+0000] {processor.py:186} INFO - Started process (PID=451) to work on /opt/airflow/dags/dss150p_pipeline.py
[2026-09-23T15:32:19.754+0000] {processor.py:914} INFO - Processing file /opt/airflow/dags/dss150p_pipeline.py for tasks to queue
[2026-09-23T15:32:19.757+0000] {logging_mixin.py:190} INFO - [2026-09-23T15:32:19.757+0000] {dagbag.py:588} INFO - Filling up the DagBag from /opt/airflow/dags/dss150p_pipeline.py
[2026-09-23T15:32:19.783+0000] {processor.py:925} INFO - DAG(s) 'dss150p_sales_pipeline' retrieved from /opt/airflow/dags/dss150p_pipeline.py
[2026-09-23T15:32:19.846+0000] {logging_mixin.py:190} INFO - [2026-09-23T15:32:19.845+0000] {dag.py:3239} INFO - Sync 1 DAGs
[2026-09-23T15:32:19.867+0000] {logging_mixin.py:190} INFO - [2026-09-23T15:32:19.867+0000] {dag.py:4180} INFO - Setting next_dagrun for dss150p_sales_pipeline to 2026-09-23 02:00:00+00:00, run_after=2026-09-24 02:00:00+00:00
[2026-09-23T15:32:19.885+0000] {processor.py:208} INFO - Processing /opt/airflow/dags/dss150p_pipeline.py took 0.140 seconds
[2026-09-23T15:32:33.926+0000] {processor.py:186} INFO - Started process (PID=456) to work on /opt/airflow/dags/dss150p_pipeline.py
[2026-09-23T15:32:33.927+0000] {processor.py:914} INFO - Processing file /opt/airflow/dags/dss150p_pipeline.py for tasks to queue
[2026-09-23T15:32:33.931+0000] {logging_mixin.py:190} INFO - [2026-09-23T15:32:33.930+0000] {dagbag.py:588} INFO - Filling up the DagBag from /opt/airflow/dags/dss150p_pipeline.py
[2026-09-23T15:32:33.947+0000] {logging_mixin.py:190} INFO - [2026-09-23T15:32:33.946+0000] {dagbag.py:387} ERROR - Failed to import: /opt/airflow/dags/dss150p_pipeline.py
Traceback (most recent call last):
  File "/home/airflow/.local/lib/python3.11/site-packages/airflow/models/dagbag.py", line 383, in parse
    loader.exec_module(new_module)
  File "<frozen importlib._bootstrap_external>", line 936, in exec_module
  File "<frozen importlib._bootstrap_external>", line 1074, in get_code
  File "<frozen importlib._bootstrap_external>", line 1004, in source_to_code
  File "<frozen importlib._bootstrap>", line 241, in _call_with_frames_removed
  File "/opt/airflow/dags/dss150p_pipeline.py", line 66
    extract = BashOperator(
                           ^
IndentationError: unindent does not match any outer indentation level
[2026-09-23T15:32:33.948+0000] {processor.py:927} WARNING - No viable dags retrieved from /opt/airflow/dags/dss150p_pipeline.py
[2026-09-23T15:32:33.976+0000] {processor.py:208} INFO - Processing /opt/airflow/dags/dss150p_pipeline.py took 0.057 seconds
[2026-09-23T15:32:48.293+0000] {processor.py:186} INFO - Started process (PID=167) to work on /opt/airflow/dags/dss150p_pipeline.py
[2026-09-23T15:32:48.294+0000] {processor.py:914} INFO - Processing file /opt/airflow/dags/dss150p_pipeline.py for tasks to queue
[2026-09-23T15:32:48.296+0000] {logging_mixin.py:190} INFO - [2026-09-23T15:32:48.296+0000] {dagbag.py:588} INFO - Filling up the DagBag from /opt/airflow/dags/dss150p_pipeline.py
[2026-09-23T15:32:48.310+0000] {logging_mixin.py:190} INFO - [2026-09-23T15:32:48.309+0000] {dagbag.py:387} ERROR - Failed to import: /opt/airflow/dags/dss150p_pipeline.py
Traceback (most recent call last):
  File "/home/airflow/.local/lib/python3.11/site-packages/airflow/models/dagbag.py", line 383, in parse
    loader.exec_module(new_module)
  File "<frozen importlib._bootstrap_external>", line 936, in exec_module
  File "<frozen importlib._bootstrap_external>", line 1074, in get_code
  File "<frozen importlib._bootstrap_external>", line 1004, in source_to_code
  File "<frozen importlib._bootstrap>", line 241, in _call_with_frames_removed
  File "/opt/airflow/dags/dss150p_pipeline.py", line 66
    extract = BashOperator(
                           ^
IndentationError: unindent does not match any outer indentation level
[2026-09-23T15:32:48.311+0000] {processor.py:927} WARNING - No viable dags retrieved from /opt/airflow/dags/dss150p_pipeline.py
[2026-09-23T15:32:48.329+0000] {processor.py:208} INFO - Processing /opt/airflow/dags/dss150p_pipeline.py took 0.043 seconds
[2026-09-23T15:33:18.477+0000] {processor.py:186} INFO - Started process (PID=179) to work on /opt/airflow/dags/dss150p_pipeline.py
[2026-09-23T15:33:18.478+0000] {processor.py:914} INFO - Processing file /opt/airflow/dags/dss150p_pipeline.py for tasks to queue
[2026-09-23T15:33:18.481+0000] {logging_mixin.py:190} INFO - [2026-09-23T15:33:18.481+0000] {dagbag.py:588} INFO - Filling up the DagBag from /opt/airflow/dags/dss150p_pipeline.py
[2026-09-23T15:33:18.497+0000] {logging_mixin.py:190} INFO - [2026-09-23T15:33:18.496+0000] {dagbag.py:387} ERROR - Failed to import: /opt/airflow/dags/dss150p_pipeline.py
Traceback (most recent call last):
  File "/home/airflow/.local/lib/python3.11/site-packages/airflow/models/dagbag.py", line 383, in parse
    loader.exec_module(new_module)
  File "<frozen importlib._bootstrap_external>", line 936, in exec_module
  File "<frozen importlib._bootstrap_external>", line 1074, in get_code
  File "<frozen importlib._bootstrap_external>", line 1004, in source_to_code
  File "<frozen importlib._bootstrap>", line 241, in _call_with_frames_removed
  File "/opt/airflow/dags/dss150p_pipeline.py", line 66
    extract = BashOperator(
                           ^
IndentationError: unindent does not match any outer indentation level
[2026-09-23T15:33:18.499+0000] {processor.py:927} WARNING - No viable dags retrieved from /opt/airflow/dags/dss150p_pipeline.py
[2026-09-23T15:33:18.526+0000] {processor.py:208} INFO - Processing /opt/airflow/dags/dss150p_pipeline.py took 0.056 seconds
[2026-09-23T15:33:48.704+0000] {processor.py:186} INFO - Started process (PID=191) to work on /opt/airflow/dags/dss150p_pipeline.py
[2026-09-23T15:33:48.706+0000] {processor.py:914} INFO - Processing file /opt/airflow/dags/dss150p_pipeline.py for tasks to queue
[2026-09-23T15:33:48.709+0000] {logging_mixin.py:190} INFO - [2026-09-23T15:33:48.708+0000] {dagbag.py:588} INFO - Filling up the DagBag from /opt/airflow/dags/dss150p_pipeline.py
[2026-09-23T15:33:48.729+0000] {logging_mixin.py:190} INFO - [2026-09-23T15:33:48.728+0000] {dagbag.py:387} ERROR - Failed to import: /opt/airflow/dags/dss150p_pipeline.py
Traceback (most recent call last):
  File "/home/airflow/.local/lib/python3.11/site-packages/airflow/models/dagbag.py", line 383, in parse
    loader.exec_module(new_module)
  File "<frozen importlib._bootstrap_external>", line 936, in exec_module
  File "<frozen importlib._bootstrap_external>", line 1074, in get_code
  File "<frozen importlib._bootstrap_external>", line 1004, in source_to_code
  File "<frozen importlib._bootstrap>", line 241, in _call_with_frames_removed
  File "/opt/airflow/dags/dss150p_pipeline.py", line 66
    extract = BashOperator(
                           ^
IndentationError: unindent does not match any outer indentation level
[2026-09-23T15:33:48.731+0000] {processor.py:927} WARNING - No viable dags retrieved from /opt/airflow/dags/dss150p_pipeline.py
[2026-09-23T15:33:48.759+0000] {processor.py:208} INFO - Processing /opt/airflow/dags/dss150p_pipeline.py took 0.069 seconds
[2026-09-23T15:34:18.915+0000] {processor.py:186} INFO - Started process (PID=196) to work on /opt/airflow/dags/dss150p_pipeline.py
[2026-09-23T15:34:18.917+0000] {processor.py:914} INFO - Processing file /opt/airflow/dags/dss150p_pipeline.py for tasks to queue
[2026-09-23T15:34:18.926+0000] {logging_mixin.py:190} INFO - [2026-09-23T15:34:18.925+0000] {dagbag.py:588} INFO - Filling up the DagBag from /opt/airflow/dags/dss150p_pipeline.py
[2026-09-23T15:34:18.947+0000] {logging_mixin.py:190} INFO - [2026-09-23T15:34:18.945+0000] {dagbag.py:387} ERROR - Failed to import: /opt/airflow/dags/dss150p_pipeline.py
Traceback (most recent call last):
  File "/home/airflow/.local/lib/python3.11/site-packages/airflow/models/dagbag.py", line 383, in parse
    loader.exec_module(new_module)
  File "<frozen importlib._bootstrap_external>", line 936, in exec_module
  File "<frozen importlib._bootstrap_external>", line 1074, in get_code
  File "<frozen importlib._bootstrap_external>", line 1004, in source_to_code
  File "<frozen importlib._bootstrap>", line 241, in _call_with_frames_removed
  File "/opt/airflow/dags/dss150p_pipeline.py", line 66
    extract = BashOperator(
                           ^
IndentationError: unindent does not match any outer indentation level
[2026-09-23T15:34:18.949+0000] {processor.py:927} WARNING - No viable dags retrieved from /opt/airflow/dags/dss150p_pipeline.py
[2026-09-23T15:34:18.986+0000] {processor.py:208} INFO - Processing /opt/airflow/dags/dss150p_pipeline.py took 0.083 seconds
[2026-09-23T15:34:25.056+0000] {processor.py:186} INFO - Started process (PID=201) to work on /opt/airflow/dags/dss150p_pipeline.py
[2026-09-23T15:34:25.057+0000] {processor.py:914} INFO - Processing file /opt/airflow/dags/dss150p_pipeline.py for tasks to queue
[2026-09-23T15:34:25.059+0000] {logging_mixin.py:190} INFO - [2026-09-23T15:34:25.059+0000] {dagbag.py:588} INFO - Filling up the DagBag from /opt/airflow/dags/dss150p_pipeline.py
[2026-09-23T15:34:25.118+0000] {processor.py:925} INFO - DAG(s) 'dss150p_sales_pipeline' retrieved from /opt/airflow/dags/dss150p_pipeline.py
[2026-09-23T15:34:25.300+0000] {logging_mixin.py:190} INFO - [2026-09-23T15:34:25.300+0000] {dag.py:3239} INFO - Sync 1 DAGs
[2026-09-23T15:34:25.322+0000] {logging_mixin.py:190} INFO - [2026-09-23T15:34:25.322+0000] {dag.py:4180} INFO - Setting next_dagrun for dss150p_sales_pipeline to 2026-09-23 02:00:00+00:00, run_after=2026-09-24 02:00:00+00:00
[2026-09-23T15:34:25.344+0000] {processor.py:208} INFO - Processing /opt/airflow/dags/dss150p_pipeline.py took 0.294 seconds
[2026-09-23T15:34:55.459+0000] {processor.py:186} INFO - Started process (PID=167) to work on /opt/airflow/dags/dss150p_pipeline.py
[2026-09-23T15:34:55.463+0000] {processor.py:914} INFO - Processing file /opt/airflow/dags/dss150p_pipeline.py for tasks to queue
[2026-09-23T15:34:55.465+0000] {logging_mixin.py:190} INFO - [2026-09-23T15:34:55.464+0000] {dagbag.py:588} INFO - Filling up the DagBag from /opt/airflow/dags/dss150p_pipeline.py
[2026-09-23T15:34:55.486+0000] {processor.py:925} INFO - DAG(s) 'dss150p_sales_pipeline' retrieved from /opt/airflow/dags/dss150p_pipeline.py
[2026-09-23T15:34:55.548+0000] {logging_mixin.py:190} INFO - [2026-09-23T15:34:55.548+0000] {dag.py:3239} INFO - Sync 1 DAGs
[2026-09-23T15:34:55.572+0000] {logging_mixin.py:190} INFO - [2026-09-23T15:34:55.572+0000] {dag.py:4180} INFO - Setting next_dagrun for dss150p_sales_pipeline to 2026-09-23 02:00:00+00:00, run_after=2026-09-24 02:00:00+00:00
[2026-09-23T15:34:55.590+0000] {processor.py:208} INFO - Processing /opt/airflow/dags/dss150p_pipeline.py took 0.137 seconds
[2026-09-23T15:35:25.648+0000] {processor.py:186} INFO - Started process (PID=186) to work on /opt/airflow/dags/dss150p_pipeline.py
[2026-09-23T15:35:25.649+0000] {processor.py:914} INFO - Processing file /opt/airflow/dags/dss150p_pipeline.py for tasks to queue
[2026-09-23T15:35:25.652+0000] {logging_mixin.py:190} INFO - [2026-09-23T15:35:25.651+0000] {dagbag.py:588} INFO - Filling up the DagBag from /opt/airflow/dags/dss150p_pipeline.py
[2026-09-23T15:35:25.676+0000] {processor.py:925} INFO - DAG(s) 'dss150p_sales_pipeline' retrieved from /opt/airflow/dags/dss150p_pipeline.py
[2026-09-23T15:35:25.744+0000] {logging_mixin.py:190} INFO - [2026-09-23T15:35:25.744+0000] {dag.py:3239} INFO - Sync 1 DAGs
[2026-09-23T15:35:25.769+0000] {logging_mixin.py:190} INFO - [2026-09-23T15:35:25.769+0000] {dag.py:4180} INFO - Setting next_dagrun for dss150p_sales_pipeline to 2026-09-23 02:00:00+00:00, run_after=2026-09-24 02:00:00+00:00
[2026-09-23T15:35:25.786+0000] {processor.py:208} INFO - Processing /opt/airflow/dags/dss150p_pipeline.py took 0.145 seconds
[2026-09-23T15:35:55.936+0000] {processor.py:186} INFO - Started process (PID=204) to work on /opt/airflow/dags/dss150p_pipeline.py
[2026-09-23T15:35:55.937+0000] {processor.py:914} INFO - Processing file /opt/airflow/dags/dss150p_pipeline.py for tasks to queue
[2026-09-23T15:35:55.940+0000] {logging_mixin.py:190} INFO - [2026-09-23T15:35:55.940+0000] {dagbag.py:588} INFO - Filling up the DagBag from /opt/airflow/dags/dss150p_pipeline.py
[2026-09-23T15:35:55.965+0000] {processor.py:925} INFO - DAG(s) 'dss150p_sales_pipeline' retrieved from /opt/airflow/dags/dss150p_pipeline.py
[2026-09-23T15:35:55.981+0000] {logging_mixin.py:190} INFO - [2026-09-23T15:35:55.981+0000] {dag.py:3239} INFO - Sync 1 DAGs
[2026-09-23T15:35:56.007+0000] {logging_mixin.py:190} INFO - [2026-09-23T15:35:56.007+0000] {dag.py:4180} INFO - Setting next_dagrun for dss150p_sales_pipeline to 2026-09-23 02:00:00+00:00, run_after=2026-09-24 02:00:00+00:00
[2026-09-23T15:35:56.026+0000] {processor.py:208} INFO - Processing /opt/airflow/dags/dss150p_pipeline.py took 0.096 seconds
[2026-09-23T15:36:26.203+0000] {processor.py:186} INFO - Started process (PID=224) to work on /opt/airflow/dags/dss150p_pipeline.py
[2026-09-23T15:36:26.204+0000] {processor.py:914} INFO - Processing file /opt/airflow/dags/dss150p_pipeline.py for tasks to queue
[2026-09-23T15:36:26.207+0000] {logging_mixin.py:190} INFO - [2026-09-23T15:36:26.207+0000] {dagbag.py:588} INFO - Filling up the DagBag from /opt/airflow/dags/dss150p_pipeline.py
[2026-09-23T15:36:26.232+0000] {processor.py:925} INFO - DAG(s) 'dss150p_sales_pipeline' retrieved from /opt/airflow/dags/dss150p_pipeline.py
[2026-09-23T15:36:26.376+0000] {logging_mixin.py:190} INFO - [2026-09-23T15:36:26.376+0000] {dag.py:3239} INFO - Sync 1 DAGs
[2026-09-23T15:36:26.396+0000] {logging_mixin.py:190} INFO - [2026-09-23T15:36:26.396+0000] {dag.py:4180} INFO - Setting next_dagrun for dss150p_sales_pipeline to 2026-09-23 02:00:00+00:00, run_after=2026-09-24 02:00:00+00:00
[2026-09-23T15:36:26.414+0000] {processor.py:208} INFO - Processing /opt/airflow/dags/dss150p_pipeline.py took 0.218 seconds
[2026-09-23T15:36:56.651+0000] {processor.py:186} INFO - Started process (PID=247) to work on /opt/airflow/dags/dss150p_pipeline.py
[2026-09-23T15:36:56.652+0000] {processor.py:914} INFO - Processing file /opt/airflow/dags/dss150p_pipeline.py for tasks to queue
[2026-09-23T15:36:56.654+0000] {logging_mixin.py:190} INFO - [2026-09-23T15:36:56.654+0000] {dagbag.py:588} INFO - Filling up the DagBag from /opt/airflow/dags/dss150p_pipeline.py
[2026-09-23T15:36:56.674+0000] {processor.py:925} INFO - DAG(s) 'dss150p_sales_pipeline' retrieved from /opt/airflow/dags/dss150p_pipeline.py
[2026-09-23T15:36:56.730+0000] {logging_mixin.py:190} INFO - [2026-09-23T15:36:56.730+0000] {dag.py:3239} INFO - Sync 1 DAGs
[2026-09-23T15:36:56.752+0000] {logging_mixin.py:190} INFO - [2026-09-23T15:36:56.752+0000] {dag.py:4180} INFO - Setting next_dagrun for dss150p_sales_pipeline to 2026-09-23 02:00:00+00:00, run_after=2026-09-24 02:00:00+00:00
[2026-09-23T15:36:56.770+0000] {processor.py:208} INFO - Processing /opt/airflow/dags/dss150p_pipeline.py took 0.126 seconds
[2026-09-23T15:37:26.898+0000] {processor.py:186} INFO - Started process (PID=252) to work on /opt/airflow/dags/dss150p_pipeline.py
[2026-09-23T15:37:26.899+0000] {processor.py:914} INFO - Processing file /opt/airflow/dags/dss150p_pipeline.py for tasks to queue
[2026-09-23T15:37:26.901+0000] {logging_mixin.py:190} INFO - [2026-09-23T15:37:26.901+0000] {dagbag.py:588} INFO - Filling up the DagBag from /opt/airflow/dags/dss150p_pipeline.py
[2026-09-23T15:37:26.923+0000] {processor.py:925} INFO - DAG(s) 'dss150p_sales_pipeline' retrieved from /opt/airflow/dags/dss150p_pipeline.py
[2026-09-23T15:37:26.983+0000] {logging_mixin.py:190} INFO - [2026-09-23T15:37:26.983+0000] {dag.py:3239} INFO - Sync 1 DAGs
[2026-09-23T15:37:27.005+0000] {logging_mixin.py:190} INFO - [2026-09-23T15:37:27.005+0000] {dag.py:4180} INFO - Setting next_dagrun for dss150p_sales_pipeline to 2026-09-23 02:00:00+00:00, run_after=2026-09-24 02:00:00+00:00
[2026-09-23T15:37:27.023+0000] {processor.py:208} INFO - Processing /opt/airflow/dags/dss150p_pipeline.py took 0.131 seconds
[2026-09-23T15:37:57.113+0000] {processor.py:186} INFO - Started process (PID=275) to work on /opt/airflow/dags/dss150p_pipeline.py
[2026-09-23T15:37:57.114+0000] {processor.py:914} INFO - Processing file /opt/airflow/dags/dss150p_pipeline.py for tasks to queue
[2026-09-23T15:37:57.116+0000] {logging_mixin.py:190} INFO - [2026-09-23T15:37:57.116+0000] {dagbag.py:588} INFO - Filling up the DagBag from /opt/airflow/dags/dss150p_pipeline.py
[2026-09-23T15:37:57.137+0000] {processor.py:925} INFO - DAG(s) 'dss150p_sales_pipeline' retrieved from /opt/airflow/dags/dss150p_pipeline.py
[2026-09-23T15:37:57.195+0000] {logging_mixin.py:190} INFO - [2026-09-23T15:37:57.195+0000] {dag.py:3239} INFO - Sync 1 DAGs
[2026-09-23T15:37:57.217+0000] {logging_mixin.py:190} INFO - [2026-09-23T15:37:57.217+0000] {dag.py:4180} INFO - Setting next_dagrun for dss150p_sales_pipeline to 2026-09-23 02:00:00+00:00, run_after=2026-09-24 02:00:00+00:00
[2026-09-23T15:37:57.236+0000] {processor.py:208} INFO - Processing /opt/airflow/dags/dss150p_pipeline.py took 0.129 seconds
[2026-09-23T15:38:27.399+0000] {processor.py:186} INFO - Started process (PID=287) to work on /opt/airflow/dags/dss150p_pipeline.py
[2026-09-23T15:38:27.400+0000] {processor.py:914} INFO - Processing file /opt/airflow/dags/dss150p_pipeline.py for tasks to queue
[2026-09-23T15:38:27.403+0000] {logging_mixin.py:190} INFO - [2026-09-23T15:38:27.403+0000] {dagbag.py:588} INFO - Filling up the DagBag from /opt/airflow/dags/dss150p_pipeline.py
[2026-09-23T15:38:27.425+0000] {processor.py:925} INFO - DAG(s) 'dss150p_sales_pipeline' retrieved from /opt/airflow/dags/dss150p_pipeline.py
[2026-09-23T15:38:27.487+0000] {logging_mixin.py:190} INFO - [2026-09-23T15:38:27.486+0000] {dag.py:3239} INFO - Sync 1 DAGs
[2026-09-23T15:38:27.510+0000] {logging_mixin.py:190} INFO - [2026-09-23T15:38:27.510+0000] {dag.py:4180} INFO - Setting next_dagrun for dss150p_sales_pipeline to 2026-09-23 02:00:00+00:00, run_after=2026-09-24 02:00:00+00:00
[2026-09-23T15:38:27.529+0000] {processor.py:208} INFO - Processing /opt/airflow/dags/dss150p_pipeline.py took 0.136 seconds
[2026-09-23T15:38:57.640+0000] {processor.py:186} INFO - Started process (PID=311) to work on /opt/airflow/dags/dss150p_pipeline.py
[2026-09-23T15:38:57.641+0000] {processor.py:914} INFO - Processing file /opt/airflow/dags/dss150p_pipeline.py for tasks to queue
[2026-09-23T15:38:57.644+0000] {logging_mixin.py:190} INFO - [2026-09-23T15:38:57.643+0000] {dagbag.py:588} INFO - Filling up the DagBag from /opt/airflow/dags/dss150p_pipeline.py
[2026-09-23T15:38:57.669+0000] {processor.py:925} INFO - DAG(s) 'dss150p_sales_pipeline' retrieved from /opt/airflow/dags/dss150p_pipeline.py
[2026-09-23T15:38:57.740+0000] {logging_mixin.py:190} INFO - [2026-09-23T15:38:57.740+0000] {dag.py:3239} INFO - Sync 1 DAGs
[2026-09-23T15:38:57.765+0000] {logging_mixin.py:190} INFO - [2026-09-23T15:38:57.765+0000] {dag.py:4180} INFO - Setting next_dagrun for dss150p_sales_pipeline to 2026-09-23 02:00:00+00:00, run_after=2026-09-24 02:00:00+00:00
[2026-09-23T15:38:57.785+0000] {processor.py:208} INFO - Processing /opt/airflow/dags/dss150p_pipeline.py took 0.152 seconds
[2026-09-23T15:39:27.944+0000] {processor.py:186} INFO - Started process (PID=316) to work on /opt/airflow/dags/dss150p_pipeline.py
[2026-09-23T15:39:27.945+0000] {processor.py:914} INFO - Processing file /opt/airflow/dags/dss150p_pipeline.py for tasks to queue
[2026-09-23T15:39:27.947+0000] {logging_mixin.py:190} INFO - [2026-09-23T15:39:27.947+0000] {dagbag.py:588} INFO - Filling up the DagBag from /opt/airflow/dags/dss150p_pipeline.py
[2026-09-23T15:39:27.970+0000] {processor.py:925} INFO - DAG(s) 'dss150p_sales_pipeline' retrieved from /opt/airflow/dags/dss150p_pipeline.py
[2026-09-23T15:39:28.032+0000] {logging_mixin.py:190} INFO - [2026-09-23T15:39:28.032+0000] {dag.py:3239} INFO - Sync 1 DAGs
[2026-09-23T15:39:28.055+0000] {logging_mixin.py:190} INFO - [2026-09-23T15:39:28.055+0000] {dag.py:4180} INFO - Setting next_dagrun for dss150p_sales_pipeline to 2026-09-23 02:00:00+00:00, run_after=2026-09-24 02:00:00+00:00
[2026-09-23T15:39:28.075+0000] {processor.py:208} INFO - Processing /opt/airflow/dags/dss150p_pipeline.py took 0.136 seconds
[2026-09-23T15:39:58.166+0000] {processor.py:186} INFO - Started process (PID=335) to work on /opt/airflow/dags/dss150p_pipeline.py
[2026-09-23T15:39:58.167+0000] {processor.py:914} INFO - Processing file /opt/airflow/dags/dss150p_pipeline.py for tasks to queue
[2026-09-23T15:39:58.170+0000] {logging_mixin.py:190} INFO - [2026-09-23T15:39:58.170+0000] {dagbag.py:588} INFO - Filling up the DagBag from /opt/airflow/dags/dss150p_pipeline.py
[2026-09-23T15:39:58.194+0000] {processor.py:925} INFO - DAG(s) 'dss150p_sales_pipeline' retrieved from /opt/airflow/dags/dss150p_pipeline.py
[2026-09-23T15:39:58.282+0000] {logging_mixin.py:190} INFO - [2026-09-23T15:39:58.281+0000] {dag.py:3239} INFO - Sync 1 DAGs
[2026-09-23T15:39:58.359+0000] {logging_mixin.py:190} INFO - [2026-09-23T15:39:58.358+0000] {dag.py:4180} INFO - Setting next_dagrun for dss150p_sales_pipeline to 2026-09-23 02:00:00+00:00, run_after=2026-09-24 02:00:00+00:00
[2026-09-23T15:39:58.409+0000] {processor.py:208} INFO - Processing /opt/airflow/dags/dss150p_pipeline.py took 0.250 seconds
[2026-09-23T15:40:28.626+0000] {processor.py:186} INFO - Started process (PID=366) to work on /opt/airflow/dags/dss150p_pipeline.py
[2026-09-23T15:40:28.628+0000] {processor.py:914} INFO - Processing file /opt/airflow/dags/dss150p_pipeline.py for tasks to queue
[2026-09-23T15:40:28.630+0000] {logging_mixin.py:190} INFO - [2026-09-23T15:40:28.629+0000] {dagbag.py:588} INFO - Filling up the DagBag from /opt/airflow/dags/dss150p_pipeline.py
[2026-09-23T15:40:28.650+0000] {processor.py:925} INFO - DAG(s) 'dss150p_sales_pipeline' retrieved from /opt/airflow/dags/dss150p_pipeline.py
[2026-09-23T15:40:28.713+0000] {logging_mixin.py:190} INFO - [2026-09-23T15:40:28.712+0000] {dag.py:3239} INFO - Sync 1 DAGs
[2026-09-23T15:40:28.735+0000] {logging_mixin.py:190} INFO - [2026-09-23T15:40:28.735+0000] {dag.py:4180} INFO - Setting next_dagrun for dss150p_sales_pipeline to 2026-09-23 02:00:00+00:00, run_after=2026-09-24 02:00:00+00:00
[2026-09-23T15:40:28.753+0000] {processor.py:208} INFO - Processing /opt/airflow/dags/dss150p_pipeline.py took 0.132 seconds
[2026-09-23T15:40:58.825+0000] {processor.py:186} INFO - Started process (PID=506) to work on /opt/airflow/dags/dss150p_pipeline.py
[2026-09-23T15:40:58.826+0000] {processor.py:914} INFO - Processing file /opt/airflow/dags/dss150p_pipeline.py for tasks to queue
[2026-09-23T15:40:58.829+0000] {logging_mixin.py:190} INFO - [2026-09-23T15:40:58.828+0000] {dagbag.py:588} INFO - Filling up the DagBag from /opt/airflow/dags/dss150p_pipeline.py
[2026-09-23T15:40:58.852+0000] {processor.py:925} INFO - DAG(s) 'dss150p_sales_pipeline' retrieved from /opt/airflow/dags/dss150p_pipeline.py
[2026-09-23T15:40:58.931+0000] {logging_mixin.py:190} INFO - [2026-09-23T15:40:58.931+0000] {dag.py:3239} INFO - Sync 1 DAGs
[2026-09-23T15:40:58.968+0000] {logging_mixin.py:190} INFO - [2026-09-23T15:40:58.968+0000] {dag.py:4180} INFO - Setting next_dagrun for dss150p_sales_pipeline to 2026-09-23 02:00:00+00:00, run_after=2026-09-24 02:00:00+00:00
[2026-09-23T15:40:58.988+0000] {processor.py:208} INFO - Processing /opt/airflow/dags/dss150p_pipeline.py took 0.170 seconds
[2026-09-23T15:41:29.157+0000] {processor.py:186} INFO - Started process (PID=664) to work on /opt/airflow/dags/dss150p_pipeline.py
[2026-09-23T15:41:29.158+0000] {processor.py:914} INFO - Processing file /opt/airflow/dags/dss150p_pipeline.py for tasks to queue
[2026-09-23T15:41:29.161+0000] {logging_mixin.py:190} INFO - [2026-09-23T15:41:29.161+0000] {dagbag.py:588} INFO - Filling up the DagBag from /opt/airflow/dags/dss150p_pipeline.py
[2026-09-23T15:41:29.184+0000] {processor.py:925} INFO - DAG(s) 'dss150p_sales_pipeline' retrieved from /opt/airflow/dags/dss150p_pipeline.py
[2026-09-23T15:41:29.246+0000] {logging_mixin.py:190} INFO - [2026-09-23T15:41:29.246+0000] {dag.py:3239} INFO - Sync 1 DAGs
[2026-09-23T15:41:29.269+0000] {logging_mixin.py:190} INFO - [2026-09-23T15:41:29.269+0000] {dag.py:4180} INFO - Setting next_dagrun for dss150p_sales_pipeline to 2026-09-23 02:00:00+00:00, run_after=2026-09-24 02:00:00+00:00
[2026-09-23T15:41:29.292+0000] {processor.py:208} INFO - Processing /opt/airflow/dags/dss150p_pipeline.py took 0.142 seconds
[2026-09-23T15:41:59.398+0000] {processor.py:186} INFO - Started process (PID=669) to work on /opt/airflow/dags/dss150p_pipeline.py
[2026-09-23T15:41:59.399+0000] {processor.py:914} INFO - Processing file /opt/airflow/dags/dss150p_pipeline.py for tasks to queue
[2026-09-23T15:41:59.402+0000] {logging_mixin.py:190} INFO - [2026-09-23T15:41:59.402+0000] {dagbag.py:588} INFO - Filling up the DagBag from /opt/airflow/dags/dss150p_pipeline.py
[2026-09-23T15:41:59.432+0000] {processor.py:925} INFO - DAG(s) 'dss150p_sales_pipeline' retrieved from /opt/airflow/dags/dss150p_pipeline.py
[2026-09-23T15:41:59.499+0000] {logging_mixin.py:190} INFO - [2026-09-23T15:41:59.499+0000] {dag.py:3239} INFO - Sync 1 DAGs
[2026-09-23T15:41:59.524+0000] {logging_mixin.py:190} INFO - [2026-09-23T15:41:59.524+0000] {dag.py:4180} INFO - Setting next_dagrun for dss150p_sales_pipeline to 2026-09-23 02:00:00+00:00, run_after=2026-09-24 02:00:00+00:00
[2026-09-23T15:41:59.545+0000] {processor.py:208} INFO - Processing /opt/airflow/dags/dss150p_pipeline.py took 0.157 seconds
[2026-09-23T15:42:29.729+0000] {processor.py:186} INFO - Started process (PID=674) to work on /opt/airflow/dags/dss150p_pipeline.py
[2026-09-23T15:42:29.730+0000] {processor.py:914} INFO - Processing file /opt/airflow/dags/dss150p_pipeline.py for tasks to queue
[2026-09-23T15:42:29.733+0000] {logging_mixin.py:190} INFO - [2026-09-23T15:42:29.733+0000] {dagbag.py:588} INFO - Filling up the DagBag from /opt/airflow/dags/dss150p_pipeline.py
[2026-09-23T15:42:29.756+0000] {processor.py:925} INFO - DAG(s) 'dss150p_sales_pipeline' retrieved from /opt/airflow/dags/dss150p_pipeline.py
[2026-09-23T15:42:29.840+0000] {logging_mixin.py:190} INFO - [2026-09-23T15:42:29.839+0000] {dag.py:3239} INFO - Sync 1 DAGs
[2026-09-23T15:42:29.878+0000] {logging_mixin.py:190} INFO - [2026-09-23T15:42:29.878+0000] {dag.py:4180} INFO - Setting next_dagrun for dss150p_sales_pipeline to 2026-09-23 02:00:00+00:00, run_after=2026-09-24 02:00:00+00:00
[2026-09-23T15:42:29.903+0000] {processor.py:208} INFO - Processing /opt/airflow/dags/dss150p_pipeline.py took 0.181 seconds
[2026-09-23T15:43:00.091+0000] {processor.py:186} INFO - Started process (PID=679) to work on /opt/airflow/dags/dss150p_pipeline.py
[2026-09-23T15:43:00.092+0000] {processor.py:914} INFO - Processing file /opt/airflow/dags/dss150p_pipeline.py for tasks to queue
[2026-09-23T15:43:00.095+0000] {logging_mixin.py:190} INFO - [2026-09-23T15:43:00.094+0000] {dagbag.py:588} INFO - Filling up the DagBag from /opt/airflow/dags/dss150p_pipeline.py
[2026-09-23T15:43:00.116+0000] {processor.py:925} INFO - DAG(s) 'dss150p_sales_pipeline' retrieved from /opt/airflow/dags/dss150p_pipeline.py
[2026-09-23T15:43:00.174+0000] {logging_mixin.py:190} INFO - [2026-09-23T15:43:00.174+0000] {dag.py:3239} INFO - Sync 1 DAGs
[2026-09-23T15:43:00.196+0000] {logging_mixin.py:190} INFO - [2026-09-23T15:43:00.195+0000] {dag.py:4180} INFO - Setting next_dagrun for dss150p_sales_pipeline to 2026-09-23 02:00:00+00:00, run_after=2026-09-24 02:00:00+00:00
[2026-09-23T15:43:00.213+0000] {processor.py:208} INFO - Processing /opt/airflow/dags/dss150p_pipeline.py took 0.128 seconds
[2026-09-23T15:43:30.291+0000] {processor.py:186} INFO - Started process (PID=684) to work on /opt/airflow/dags/dss150p_pipeline.py
[2026-09-23T15:43:30.294+0000] {processor.py:914} INFO - Processing file /opt/airflow/dags/dss150p_pipeline.py for tasks to queue
[2026-09-23T15:43:30.298+0000] {logging_mixin.py:190} INFO - [2026-09-23T15:43:30.298+0000] {dagbag.py:588} INFO - Filling up the DagBag from /opt/airflow/dags/dss150p_pipeline.py
[2026-09-23T15:43:30.329+0000] {processor.py:925} INFO - DAG(s) 'dss150p_sales_pipeline' retrieved from /opt/airflow/dags/dss150p_pipeline.py
[2026-09-23T15:43:30.405+0000] {logging_mixin.py:190} INFO - [2026-09-23T15:43:30.405+0000] {dag.py:3239} INFO - Sync 1 DAGs
[2026-09-23T15:43:30.432+0000] {logging_mixin.py:190} INFO - [2026-09-23T15:43:30.431+0000] {dag.py:4180} INFO - Setting next_dagrun for dss150p_sales_pipeline to 2026-09-23 02:00:00+00:00, run_after=2026-09-24 02:00:00+00:00
[2026-09-23T15:43:30.450+0000] {processor.py:208} INFO - Processing /opt/airflow/dags/dss150p_pipeline.py took 0.170 seconds
[2026-09-23T15:44:00.605+0000] {processor.py:186} INFO - Started process (PID=738) to work on /opt/airflow/dags/dss150p_pipeline.py
[2026-09-23T15:44:00.606+0000] {processor.py:914} INFO - Processing file /opt/airflow/dags/dss150p_pipeline.py for tasks to queue
[2026-09-23T15:44:00.609+0000] {logging_mixin.py:190} INFO - [2026-09-23T15:44:00.609+0000] {dagbag.py:588} INFO - Filling up the DagBag from /opt/airflow/dags/dss150p_pipeline.py
[2026-09-23T15:44:00.633+0000] {processor.py:925} INFO - DAG(s) 'dss150p_sales_pipeline' retrieved from /opt/airflow/dags/dss150p_pipeline.py
[2026-09-23T15:44:00.697+0000] {logging_mixin.py:190} INFO - [2026-09-23T15:44:00.696+0000] {dag.py:3239} INFO - Sync 1 DAGs
[2026-09-23T15:44:00.721+0000] {logging_mixin.py:190} INFO - [2026-09-23T15:44:00.720+0000] {dag.py:4180} INFO - Setting next_dagrun for dss150p_sales_pipeline to 2026-09-23 02:00:00+00:00, run_after=2026-09-24 02:00:00+00:00
[2026-09-23T15:44:00.739+0000] {processor.py:208} INFO - Processing /opt/airflow/dags/dss150p_pipeline.py took 0.141 seconds
[2026-09-23T15:44:30.872+0000] {processor.py:186} INFO - Started process (PID=743) to work on /opt/airflow/dags/dss150p_pipeline.py
[2026-09-23T15:44:30.873+0000] {processor.py:914} INFO - Processing file /opt/airflow/dags/dss150p_pipeline.py for tasks to queue
[2026-09-23T15:44:30.876+0000] {logging_mixin.py:190} INFO - [2026-09-23T15:44:30.875+0000] {dagbag.py:588} INFO - Filling up the DagBag from /opt/airflow/dags/dss150p_pipeline.py
[2026-09-23T15:44:30.900+0000] {processor.py:925} INFO - DAG(s) 'dss150p_sales_pipeline' retrieved from /opt/airflow/dags/dss150p_pipeline.py
[2026-09-23T15:44:30.963+0000] {logging_mixin.py:190} INFO - [2026-09-23T15:44:30.963+0000] {dag.py:3239} INFO - Sync 1 DAGs
[2026-09-23T15:44:30.987+0000] {logging_mixin.py:190} INFO - [2026-09-23T15:44:30.987+0000] {dag.py:4180} INFO - Setting next_dagrun for dss150p_sales_pipeline to 2026-09-23 02:00:00+00:00, run_after=2026-09-24 02:00:00+00:00
[2026-09-23T15:44:31.005+0000] {processor.py:208} INFO - Processing /opt/airflow/dags/dss150p_pipeline.py took 0.140 seconds
[2026-09-23T15:45:01.158+0000] {processor.py:186} INFO - Started process (PID=769) to work on /opt/airflow/dags/dss150p_pipeline.py
[2026-09-23T15:45:01.160+0000] {processor.py:914} INFO - Processing file /opt/airflow/dags/dss150p_pipeline.py for tasks to queue
[2026-09-23T15:45:01.164+0000] {logging_mixin.py:190} INFO - [2026-09-23T15:45:01.163+0000] {dagbag.py:588} INFO - Filling up the DagBag from /opt/airflow/dags/dss150p_pipeline.py
[2026-09-23T15:45:01.198+0000] {processor.py:925} INFO - DAG(s) 'dss150p_sales_pipeline' retrieved from /opt/airflow/dags/dss150p_pipeline.py
[2026-09-23T15:45:01.284+0000] {logging_mixin.py:190} INFO - [2026-09-23T15:45:01.283+0000] {dag.py:3239} INFO - Sync 1 DAGs
[2026-09-23T15:45:01.309+0000] {logging_mixin.py:190} INFO - [2026-09-23T15:45:01.308+0000] {dag.py:4180} INFO - Setting next_dagrun for dss150p_sales_pipeline to 2026-09-23 02:00:00+00:00, run_after=2026-09-24 02:00:00+00:00
[2026-09-23T15:45:01.327+0000] {processor.py:208} INFO - Processing /opt/airflow/dags/dss150p_pipeline.py took 0.177 seconds
[2026-09-23T15:45:31.423+0000] {processor.py:186} INFO - Started process (PID=774) to work on /opt/airflow/dags/dss150p_pipeline.py
[2026-09-23T15:45:31.424+0000] {processor.py:914} INFO - Processing file /opt/airflow/dags/dss150p_pipeline.py for tasks to queue
[2026-09-23T15:45:31.427+0000] {logging_mixin.py:190} INFO - [2026-09-23T15:45:31.427+0000] {dagbag.py:588} INFO - Filling up the DagBag from /opt/airflow/dags/dss150p_pipeline.py
[2026-09-23T15:45:31.450+0000] {processor.py:925} INFO - DAG(s) 'dss150p_sales_pipeline' retrieved from /opt/airflow/dags/dss150p_pipeline.py
[2026-09-23T15:45:31.511+0000] {logging_mixin.py:190} INFO - [2026-09-23T15:45:31.511+0000] {dag.py:3239} INFO - Sync 1 DAGs
[2026-09-23T15:45:31.535+0000] {logging_mixin.py:190} INFO - [2026-09-23T15:45:31.534+0000] {dag.py:4180} INFO - Setting next_dagrun for dss150p_sales_pipeline to 2026-09-23 02:00:00+00:00, run_after=2026-09-24 02:00:00+00:00
[2026-09-23T15:45:31.554+0000] {processor.py:208} INFO - Processing /opt/airflow/dags/dss150p_pipeline.py took 0.139 seconds
[2026-09-23T15:46:01.778+0000] {processor.py:186} INFO - Started process (PID=851) to work on /opt/airflow/dags/dss150p_pipeline.py
[2026-09-23T15:46:01.780+0000] {processor.py:914} INFO - Processing file /opt/airflow/dags/dss150p_pipeline.py for tasks to queue
[2026-09-23T15:46:01.785+0000] {logging_mixin.py:190} INFO - [2026-09-23T15:46:01.784+0000] {dagbag.py:588} INFO - Filling up the DagBag from /opt/airflow/dags/dss150p_pipeline.py
[2026-09-23T15:46:01.819+0000] {processor.py:925} INFO - DAG(s) 'dss150p_sales_pipeline' retrieved from /opt/airflow/dags/dss150p_pipeline.py
[2026-09-23T15:46:01.904+0000] {logging_mixin.py:190} INFO - [2026-09-23T15:46:01.903+0000] {dag.py:3239} INFO - Sync 1 DAGs
[2026-09-23T15:46:01.933+0000] {logging_mixin.py:190} INFO - [2026-09-23T15:46:01.933+0000] {dag.py:4180} INFO - Setting next_dagrun for dss150p_sales_pipeline to 2026-09-23 02:00:00+00:00, run_after=2026-09-24 02:00:00+00:00
[2026-09-23T15:46:01.955+0000] {processor.py:208} INFO - Processing /opt/airflow/dags/dss150p_pipeline.py took 0.193 seconds
[2026-09-23T15:46:32.159+0000] {processor.py:186} INFO - Started process (PID=942) to work on /opt/airflow/dags/dss150p_pipeline.py
[2026-09-23T15:46:32.160+0000] {processor.py:914} INFO - Processing file /opt/airflow/dags/dss150p_pipeline.py for tasks to queue
[2026-09-23T15:46:32.162+0000] {logging_mixin.py:190} INFO - [2026-09-23T15:46:32.162+0000] {dagbag.py:588} INFO - Filling up the DagBag from /opt/airflow/dags/dss150p_pipeline.py
[2026-09-23T15:46:32.184+0000] {processor.py:925} INFO - DAG(s) 'dss150p_sales_pipeline' retrieved from /opt/airflow/dags/dss150p_pipeline.py
[2026-09-23T15:46:32.272+0000] {logging_mixin.py:190} INFO - [2026-09-23T15:46:32.271+0000] {dag.py:3239} INFO - Sync 1 DAGs
[2026-09-23T15:46:32.304+0000] {logging_mixin.py:190} INFO - [2026-09-23T15:46:32.304+0000] {dag.py:4180} INFO - Setting next_dagrun for dss150p_sales_pipeline to 2026-09-23 02:00:00+00:00, run_after=2026-09-24 02:00:00+00:00
[2026-09-23T15:46:32.330+0000] {processor.py:208} INFO - Processing /opt/airflow/dags/dss150p_pipeline.py took 0.177 seconds
[2026-09-23T15:47:02.556+0000] {processor.py:186} INFO - Started process (PID=947) to work on /opt/airflow/dags/dss150p_pipeline.py
[2026-09-23T15:47:02.558+0000] {processor.py:914} INFO - Processing file /opt/airflow/dags/dss150p_pipeline.py for tasks to queue
[2026-09-23T15:47:02.561+0000] {logging_mixin.py:190} INFO - [2026-09-23T15:47:02.560+0000] {dagbag.py:588} INFO - Filling up the DagBag from /opt/airflow/dags/dss150p_pipeline.py
[2026-09-23T15:47:02.590+0000] {processor.py:925} INFO - DAG(s) 'dss150p_sales_pipeline' retrieved from /opt/airflow/dags/dss150p_pipeline.py
[2026-09-23T15:47:02.666+0000] {logging_mixin.py:190} INFO - [2026-09-23T15:47:02.665+0000] {dag.py:3239} INFO - Sync 1 DAGs
[2026-09-23T15:47:02.692+0000] {logging_mixin.py:190} INFO - [2026-09-23T15:47:02.692+0000] {dag.py:4180} INFO - Setting next_dagrun for dss150p_sales_pipeline to 2026-09-23 02:00:00+00:00, run_after=2026-09-24 02:00:00+00:00
[2026-09-23T15:47:02.716+0000] {processor.py:208} INFO - Processing /opt/airflow/dags/dss150p_pipeline.py took 0.170 seconds
[2026-09-23T15:47:32.765+0000] {processor.py:186} INFO - Started process (PID=967) to work on /opt/airflow/dags/dss150p_pipeline.py
[2026-09-23T15:47:32.767+0000] {processor.py:914} INFO - Processing file /opt/airflow/dags/dss150p_pipeline.py for tasks to queue
[2026-09-23T15:47:32.771+0000] {logging_mixin.py:190} INFO - [2026-09-23T15:47:32.770+0000] {dagbag.py:588} INFO - Filling up the DagBag from /opt/airflow/dags/dss150p_pipeline.py
[2026-09-23T15:47:32.805+0000] {processor.py:925} INFO - DAG(s) 'dss150p_sales_pipeline' retrieved from /opt/airflow/dags/dss150p_pipeline.py
[2026-09-23T15:47:33.077+0000] {logging_mixin.py:190} INFO - [2026-09-23T15:47:33.077+0000] {dag.py:3239} INFO - Sync 1 DAGs
[2026-09-23T15:47:33.105+0000] {logging_mixin.py:190} INFO - [2026-09-23T15:47:33.104+0000] {dag.py:4180} INFO - Setting next_dagrun for dss150p_sales_pipeline to 2026-09-23 02:00:00+00:00, run_after=2026-09-24 02:00:00+00:00
[2026-09-23T15:47:33.127+0000] {processor.py:208} INFO - Processing /opt/airflow/dags/dss150p_pipeline.py took 0.371 seconds
[2026-09-23T15:48:03.368+0000] {processor.py:186} INFO - Started process (PID=1007) to work on /opt/airflow/dags/dss150p_pipeline.py
[2026-09-23T15:48:03.369+0000] {processor.py:914} INFO - Processing file /opt/airflow/dags/dss150p_pipeline.py for tasks to queue
[2026-09-23T15:48:03.372+0000] {logging_mixin.py:190} INFO - [2026-09-23T15:48:03.372+0000] {dagbag.py:588} INFO - Filling up the DagBag from /opt/airflow/dags/dss150p_pipeline.py
[2026-09-23T15:48:03.394+0000] {processor.py:925} INFO - DAG(s) 'dss150p_sales_pipeline' retrieved from /opt/airflow/dags/dss150p_pipeline.py
[2026-09-23T15:48:03.471+0000] {logging_mixin.py:190} INFO - [2026-09-23T15:48:03.471+0000] {dag.py:3239} INFO - Sync 1 DAGs
[2026-09-23T15:48:03.501+0000] {logging_mixin.py:190} INFO - [2026-09-23T15:48:03.501+0000] {dag.py:4180} INFO - Setting next_dagrun for dss150p_sales_pipeline to 2026-09-23 02:00:00+00:00, run_after=2026-09-24 02:00:00+00:00
[2026-09-23T15:48:03.521+0000] {processor.py:208} INFO - Processing /opt/airflow/dags/dss150p_pipeline.py took 0.160 seconds
[2026-09-23T15:48:33.749+0000] {processor.py:186} INFO - Started process (PID=1012) to work on /opt/airflow/dags/dss150p_pipeline.py
[2026-09-23T15:48:33.752+0000] {processor.py:914} INFO - Processing file /opt/airflow/dags/dss150p_pipeline.py for tasks to queue
[2026-09-23T15:48:33.758+0000] {logging_mixin.py:190} INFO - [2026-09-23T15:48:33.757+0000] {dagbag.py:588} INFO - Filling up the DagBag from /opt/airflow/dags/dss150p_pipeline.py
[2026-09-23T15:48:33.793+0000] {processor.py:925} INFO - DAG(s) 'dss150p_sales_pipeline' retrieved from /opt/airflow/dags/dss150p_pipeline.py
[2026-09-23T15:48:33.866+0000] {logging_mixin.py:190} INFO - [2026-09-23T15:48:33.866+0000] {dag.py:3239} INFO - Sync 1 DAGs
[2026-09-23T15:48:33.890+0000] {logging_mixin.py:190} INFO - [2026-09-23T15:48:33.890+0000] {dag.py:4180} INFO - Setting next_dagrun for dss150p_sales_pipeline to 2026-09-23 02:00:00+00:00, run_after=2026-09-24 02:00:00+00:00
[2026-09-23T15:48:33.909+0000] {processor.py:208} INFO - Processing /opt/airflow/dags/dss150p_pipeline.py took 0.176 seconds
[2026-09-23T15:49:03.989+0000] {processor.py:186} INFO - Started process (PID=1017) to work on /opt/airflow/dags/dss150p_pipeline.py
[2026-09-23T15:49:03.990+0000] {processor.py:914} INFO - Processing file /opt/airflow/dags/dss150p_pipeline.py for tasks to queue
[2026-09-23T15:49:03.993+0000] {logging_mixin.py:190} INFO - [2026-09-23T15:49:03.993+0000] {dagbag.py:588} INFO - Filling up the DagBag from /opt/airflow/dags/dss150p_pipeline.py
[2026-09-23T15:49:04.019+0000] {processor.py:925} INFO - DAG(s) 'dss150p_sales_pipeline' retrieved from /opt/airflow/dags/dss150p_pipeline.py
[2026-09-23T15:49:04.099+0000] {logging_mixin.py:190} INFO - [2026-09-23T15:49:04.098+0000] {dag.py:3239} INFO - Sync 1 DAGs
[2026-09-23T15:49:04.128+0000] {logging_mixin.py:190} INFO - [2026-09-23T15:49:04.128+0000] {dag.py:4180} INFO - Setting next_dagrun for dss150p_sales_pipeline to 2026-09-23 02:00:00+00:00, run_after=2026-09-24 02:00:00+00:00
[2026-09-23T15:49:04.149+0000] {processor.py:208} INFO - Processing /opt/airflow/dags/dss150p_pipeline.py took 0.168 seconds
[2026-09-23T15:49:34.303+0000] {processor.py:186} INFO - Started process (PID=1022) to work on /opt/airflow/dags/dss150p_pipeline.py
[2026-09-23T15:49:34.304+0000] {processor.py:914} INFO - Processing file /opt/airflow/dags/dss150p_pipeline.py for tasks to queue
[2026-09-23T15:49:34.306+0000] {logging_mixin.py:190} INFO - [2026-09-23T15:49:34.306+0000] {dagbag.py:588} INFO - Filling up the DagBag from /opt/airflow/dags/dss150p_pipeline.py
[2026-09-23T15:49:34.331+0000] {processor.py:925} INFO - DAG(s) 'dss150p_sales_pipeline' retrieved from /opt/airflow/dags/dss150p_pipeline.py
[2026-09-23T15:49:34.399+0000] {logging_mixin.py:190} INFO - [2026-09-23T15:49:34.398+0000] {dag.py:3239} INFO - Sync 1 DAGs
[2026-09-23T15:49:34.424+0000] {logging_mixin.py:190} INFO - [2026-09-23T15:49:34.424+0000] {dag.py:4180} INFO - Setting next_dagrun for dss150p_sales_pipeline to 2026-09-23 02:00:00+00:00, run_after=2026-09-24 02:00:00+00:00
[2026-09-23T15:49:34.442+0000] {processor.py:208} INFO - Processing /opt/airflow/dags/dss150p_pipeline.py took 0.147 seconds
[2026-09-23T15:50:04.603+0000] {processor.py:186} INFO - Started process (PID=1027) to work on /opt/airflow/dags/dss150p_pipeline.py
[2026-09-23T15:50:04.604+0000] {processor.py:914} INFO - Processing file /opt/airflow/dags/dss150p_pipeline.py for tasks to queue
[2026-09-23T15:50:04.607+0000] {logging_mixin.py:190} INFO - [2026-09-23T15:50:04.606+0000] {dagbag.py:588} INFO - Filling up the DagBag from /opt/airflow/dags/dss150p_pipeline.py
[2026-09-23T15:50:04.630+0000] {processor.py:925} INFO - DAG(s) 'dss150p_sales_pipeline' retrieved from /opt/airflow/dags/dss150p_pipeline.py
[2026-09-23T15:50:04.693+0000] {logging_mixin.py:190} INFO - [2026-09-23T15:50:04.693+0000] {dag.py:3239} INFO - Sync 1 DAGs
[2026-09-23T15:50:04.717+0000] {logging_mixin.py:190} INFO - [2026-09-23T15:50:04.717+0000] {dag.py:4180} INFO - Setting next_dagrun for dss150p_sales_pipeline to 2026-09-23 02:00:00+00:00, run_after=2026-09-24 02:00:00+00:00
[2026-09-23T15:50:04.742+0000] {processor.py:208} INFO - Processing /opt/airflow/dags/dss150p_pipeline.py took 0.145 seconds
[2026-09-23T15:51:06.377+0000] {processor.py:186} INFO - Started process (PID=167) to work on /opt/airflow/dags/dss150p_pipeline.py
[2026-09-23T15:51:06.380+0000] {processor.py:914} INFO - Processing file /opt/airflow/dags/dss150p_pipeline.py for tasks to queue
[2026-09-23T15:51:06.383+0000] {logging_mixin.py:190} INFO - [2026-09-23T15:51:06.382+0000] {dagbag.py:588} INFO - Filling up the DagBag from /opt/airflow/dags/dss150p_pipeline.py
[2026-09-23T15:51:06.414+0000] {processor.py:925} INFO - DAG(s) 'dss150p_sales_pipeline' retrieved from /opt/airflow/dags/dss150p_pipeline.py
[2026-09-23T15:51:06.660+0000] {logging_mixin.py:190} INFO - [2026-09-23T15:51:06.659+0000] {override.py:1912} INFO - Created Permission View: can read on DAG:dss150p_sales_pipeline
[2026-09-23T15:51:06.668+0000] {logging_mixin.py:190} INFO - [2026-09-23T15:51:06.668+0000] {override.py:1912} INFO - Created Permission View: can delete on DAG:dss150p_sales_pipeline
[2026-09-23T15:51:06.674+0000] {logging_mixin.py:190} INFO - [2026-09-23T15:51:06.674+0000] {override.py:1912} INFO - Created Permission View: can edit on DAG:dss150p_sales_pipeline
[2026-09-23T15:51:06.681+0000] {logging_mixin.py:190} INFO - [2026-09-23T15:51:06.681+0000] {override.py:1912} INFO - Created Permission View: can create on DAG Run:dss150p_sales_pipeline
[2026-09-23T15:51:06.687+0000] {logging_mixin.py:190} INFO - [2026-09-23T15:51:06.686+0000] {override.py:1912} INFO - Created Permission View: can read on DAG Run:dss150p_sales_pipeline
[2026-09-23T15:51:06.692+0000] {logging_mixin.py:190} INFO - [2026-09-23T15:51:06.692+0000] {override.py:1912} INFO - Created Permission View: menu access on DAG Run:dss150p_sales_pipeline
[2026-09-23T15:51:06.697+0000] {logging_mixin.py:190} INFO - [2026-09-23T15:51:06.697+0000] {override.py:1912} INFO - Created Permission View: can delete on DAG Run:dss150p_sales_pipeline
[2026-09-23T15:51:06.698+0000] {logging_mixin.py:190} INFO - [2026-09-23T15:51:06.698+0000] {dag.py:3239} INFO - Sync 1 DAGs
[2026-09-23T15:51:06.711+0000] {logging_mixin.py:190} INFO - [2026-09-23T15:51:06.711+0000] {dag.py:3262} INFO - Creating ORM DAG for dss150p_sales_pipeline
[2026-09-23T15:51:06.723+0000] {logging_mixin.py:190} INFO - [2026-09-23T15:51:06.722+0000] {dag.py:4180} INFO - Setting next_dagrun for dss150p_sales_pipeline to 2026-09-22 02:00:00+00:00, run_after=2026-09-23 02:00:00+00:00
[2026-09-23T15:51:06.740+0000] {processor.py:208} INFO - Processing /opt/airflow/dags/dss150p_pipeline.py took 0.373 seconds
[2026-09-23T15:51:36.938+0000] {processor.py:186} INFO - Started process (PID=172) to work on /opt/airflow/dags/dss150p_pipeline.py
[2026-09-23T15:51:36.940+0000] {processor.py:914} INFO - Processing file /opt/airflow/dags/dss150p_pipeline.py for tasks to queue
[2026-09-23T15:51:36.943+0000] {logging_mixin.py:190} INFO - [2026-09-23T15:51:36.942+0000] {dagbag.py:588} INFO - Filling up the DagBag from /opt/airflow/dags/dss150p_pipeline.py
[2026-09-23T15:51:36.966+0000] {processor.py:925} INFO - DAG(s) 'dss150p_sales_pipeline' retrieved from /opt/airflow/dags/dss150p_pipeline.py
[2026-09-23T15:51:37.035+0000] {logging_mixin.py:190} INFO - [2026-09-23T15:51:37.035+0000] {dag.py:3239} INFO - Sync 1 DAGs
[2026-09-23T15:51:37.063+0000] {logging_mixin.py:190} INFO - [2026-09-23T15:51:37.063+0000] {dag.py:4180} INFO - Setting next_dagrun for dss150p_sales_pipeline to 2026-09-22 02:00:00+00:00, run_after=2026-09-23 02:00:00+00:00
[2026-09-23T15:51:37.082+0000] {processor.py:208} INFO - Processing /opt/airflow/dags/dss150p_pipeline.py took 0.151 seconds
[2026-09-23T15:52:07.152+0000] {processor.py:186} INFO - Started process (PID=177) to work on /opt/airflow/dags/dss150p_pipeline.py
[2026-09-23T15:52:07.153+0000] {processor.py:914} INFO - Processing file /opt/airflow/dags/dss150p_pipeline.py for tasks to queue
[2026-09-23T15:52:07.156+0000] {logging_mixin.py:190} INFO - [2026-09-23T15:52:07.155+0000] {dagbag.py:588} INFO - Filling up the DagBag from /opt/airflow/dags/dss150p_pipeline.py
[2026-09-23T15:52:07.182+0000] {processor.py:925} INFO - DAG(s) 'dss150p_sales_pipeline' retrieved from /opt/airflow/dags/dss150p_pipeline.py
[2026-09-23T15:52:07.249+0000] {logging_mixin.py:190} INFO - [2026-09-23T15:52:07.249+0000] {dag.py:3239} INFO - Sync 1 DAGs
[2026-09-23T15:52:07.273+0000] {logging_mixin.py:190} INFO - [2026-09-23T15:52:07.273+0000] {dag.py:4180} INFO - Setting next_dagrun for dss150p_sales_pipeline to 2026-09-22 02:00:00+00:00, run_after=2026-09-23 02:00:00+00:00
[2026-09-23T15:52:07.294+0000] {processor.py:208} INFO - Processing /opt/airflow/dags/dss150p_pipeline.py took 0.150 seconds
[2026-09-23T15:52:37.468+0000] {processor.py:186} INFO - Started process (PID=207) to work on /opt/airflow/dags/dss150p_pipeline.py
[2026-09-23T15:52:37.470+0000] {processor.py:914} INFO - Processing file /opt/airflow/dags/dss150p_pipeline.py for tasks to queue
[2026-09-23T15:52:37.475+0000] {logging_mixin.py:190} INFO - [2026-09-23T15:52:37.475+0000] {dagbag.py:588} INFO - Filling up the DagBag from /opt/airflow/dags/dss150p_pipeline.py
[2026-09-23T15:52:37.535+0000] {processor.py:925} INFO - DAG(s) 'dss150p_sales_pipeline' retrieved from /opt/airflow/dags/dss150p_pipeline.py
[2026-09-23T15:52:37.597+0000] {logging_mixin.py:190} INFO - [2026-09-23T15:52:37.597+0000] {dag.py:3239} INFO - Sync 1 DAGs
[2026-09-23T15:52:37.620+0000] {logging_mixin.py:190} INFO - [2026-09-23T15:52:37.620+0000] {dag.py:4180} INFO - Setting next_dagrun for dss150p_sales_pipeline to 2026-09-23 02:00:00+00:00, run_after=2026-09-24 02:00:00+00:00
[2026-09-23T15:52:37.639+0000] {processor.py:208} INFO - Processing /opt/airflow/dags/dss150p_pipeline.py took 0.198 seconds
[2026-09-23T15:53:07.707+0000] {processor.py:186} INFO - Started process (PID=496) to work on /opt/airflow/dags/dss150p_pipeline.py
[2026-09-23T15:53:07.709+0000] {processor.py:914} INFO - Processing file /opt/airflow/dags/dss150p_pipeline.py for tasks to queue
[2026-09-23T15:53:07.712+0000] {logging_mixin.py:190} INFO - [2026-09-23T15:53:07.712+0000] {dagbag.py:588} INFO - Filling up the DagBag from /opt/airflow/dags/dss150p_pipeline.py
[2026-09-23T15:53:07.737+0000] {processor.py:925} INFO - DAG(s) 'dss150p_sales_pipeline' retrieved from /opt/airflow/dags/dss150p_pipeline.py
[2026-09-23T15:53:07.869+0000] {logging_mixin.py:190} INFO - [2026-09-23T15:53:07.869+0000] {dag.py:3239} INFO - Sync 1 DAGs
[2026-09-23T15:53:07.892+0000] {logging_mixin.py:190} INFO - [2026-09-23T15:53:07.892+0000] {dag.py:4180} INFO - Setting next_dagrun for dss150p_sales_pipeline to 2026-09-23 02:00:00+00:00, run_after=2026-09-24 02:00:00+00:00
[2026-09-23T15:53:07.909+0000] {processor.py:208} INFO - Processing /opt/airflow/dags/dss150p_pipeline.py took 0.209 seconds
[2026-09-23T15:53:38.043+0000] {processor.py:186} INFO - Started process (PID=508) to work on /opt/airflow/dags/dss150p_pipeline.py
[2026-09-23T15:53:38.045+0000] {processor.py:914} INFO - Processing file /opt/airflow/dags/dss150p_pipeline.py for tasks to queue
[2026-09-23T15:53:38.048+0000] {logging_mixin.py:190} INFO - [2026-09-23T15:53:38.048+0000] {dagbag.py:588} INFO - Filling up the DagBag from /opt/airflow/dags/dss150p_pipeline.py
[2026-09-23T15:53:38.072+0000] {processor.py:925} INFO - DAG(s) 'dss150p_sales_pipeline' retrieved from /opt/airflow/dags/dss150p_pipeline.py
[2026-09-23T15:53:38.136+0000] {logging_mixin.py:190} INFO - [2026-09-23T15:53:38.136+0000] {dag.py:3239} INFO - Sync 1 DAGs
[2026-09-23T15:53:38.159+0000] {logging_mixin.py:190} INFO - [2026-09-23T15:53:38.158+0000] {dag.py:4180} INFO - Setting next_dagrun for dss150p_sales_pipeline to 2026-09-23 02:00:00+00:00, run_after=2026-09-24 02:00:00+00:00
[2026-09-23T15:53:38.177+0000] {processor.py:208} INFO - Processing /opt/airflow/dags/dss150p_pipeline.py took 0.143 seconds
[2026-09-23T15:53:59.283+0000] {processor.py:186} INFO - Started process (PID=513) to work on /opt/airflow/dags/dss150p_pipeline.py
[2026-09-23T15:53:59.284+0000] {processor.py:914} INFO - Processing file /opt/airflow/dags/dss150p_pipeline.py for tasks to queue
[2026-09-23T15:53:59.287+0000] {logging_mixin.py:190} INFO - [2026-09-23T15:53:59.287+0000] {dagbag.py:588} INFO - Filling up the DagBag from /opt/airflow/dags/dss150p_pipeline.py
[2026-09-23T15:53:59.326+0000] {processor.py:925} INFO - DAG(s) 'dss150p_sales_pipeline' retrieved from /opt/airflow/dags/dss150p_pipeline.py
[2026-09-23T15:53:59.425+0000] {logging_mixin.py:190} INFO - [2026-09-23T15:53:59.425+0000] {dag.py:3239} INFO - Sync 1 DAGs
[2026-09-23T15:53:59.453+0000] {logging_mixin.py:190} INFO - [2026-09-23T15:53:59.453+0000] {dag.py:4180} INFO - Setting next_dagrun for dss150p_sales_pipeline to 2026-09-23 02:00:00+00:00, run_after=2026-09-24 02:00:00+00:00
[2026-09-23T15:53:59.472+0000] {processor.py:208} INFO - Processing /opt/airflow/dags/dss150p_pipeline.py took 0.197 seconds
[2026-09-23T15:54:29.515+0000] {processor.py:186} INFO - Started process (PID=518) to work on /opt/airflow/dags/dss150p_pipeline.py
[2026-09-23T15:54:29.516+0000] {processor.py:914} INFO - Processing file /opt/airflow/dags/dss150p_pipeline.py for tasks to queue
[2026-09-23T15:54:29.519+0000] {logging_mixin.py:190} INFO - [2026-09-23T15:54:29.518+0000] {dagbag.py:588} INFO - Filling up the DagBag from /opt/airflow/dags/dss150p_pipeline.py
[2026-09-23T15:54:29.539+0000] {processor.py:925} INFO - DAG(s) 'dss150p_sales_pipeline' retrieved from /opt/airflow/dags/dss150p_pipeline.py
[2026-09-23T15:54:29.596+0000] {logging_mixin.py:190} INFO - [2026-09-23T15:54:29.596+0000] {dag.py:3239} INFO - Sync 1 DAGs
[2026-09-23T15:54:29.618+0000] {logging_mixin.py:190} INFO - [2026-09-23T15:54:29.618+0000] {dag.py:4180} INFO - Setting next_dagrun for dss150p_sales_pipeline to 2026-09-23 02:00:00+00:00, run_after=2026-09-24 02:00:00+00:00
[2026-09-23T15:54:29.634+0000] {processor.py:208} INFO - Processing /opt/airflow/dags/dss150p_pipeline.py took 0.125 seconds
[2026-09-23T15:54:59.859+0000] {processor.py:186} INFO - Started process (PID=523) to work on /opt/airflow/dags/dss150p_pipeline.py
[2026-09-23T15:54:59.860+0000] {processor.py:914} INFO - Processing file /opt/airflow/dags/dss150p_pipeline.py for tasks to queue
[2026-09-23T15:54:59.863+0000] {logging_mixin.py:190} INFO - [2026-09-23T15:54:59.863+0000] {dagbag.py:588} INFO - Filling up the DagBag from /opt/airflow/dags/dss150p_pipeline.py
[2026-09-23T15:54:59.885+0000] {processor.py:925} INFO - DAG(s) 'dss150p_sales_pipeline' retrieved from /opt/airflow/dags/dss150p_pipeline.py
[2026-09-23T15:54:59.943+0000] {logging_mixin.py:190} INFO - [2026-09-23T15:54:59.943+0000] {dag.py:3239} INFO - Sync 1 DAGs
[2026-09-23T15:54:59.966+0000] {logging_mixin.py:190} INFO - [2026-09-23T15:54:59.966+0000] {dag.py:4180} INFO - Setting next_dagrun for dss150p_sales_pipeline to 2026-09-23 02:00:00+00:00, run_after=2026-09-24 02:00:00+00:00
[2026-09-23T15:54:59.984+0000] {processor.py:208} INFO - Processing /opt/airflow/dags/dss150p_pipeline.py took 0.130 seconds
[2026-09-23T15:55:30.067+0000] {processor.py:186} INFO - Started process (PID=528) to work on /opt/airflow/dags/dss150p_pipeline.py
[2026-09-23T15:55:30.068+0000] {processor.py:914} INFO - Processing file /opt/airflow/dags/dss150p_pipeline.py for tasks to queue
[2026-09-23T15:55:30.071+0000] {logging_mixin.py:190} INFO - [2026-09-23T15:55:30.071+0000] {dagbag.py:588} INFO - Filling up the DagBag from /opt/airflow/dags/dss150p_pipeline.py
[2026-09-23T15:55:30.094+0000] {processor.py:925} INFO - DAG(s) 'dss150p_sales_pipeline' retrieved from /opt/airflow/dags/dss150p_pipeline.py
[2026-09-23T15:55:30.162+0000] {logging_mixin.py:190} INFO - [2026-09-23T15:55:30.162+0000] {dag.py:3239} INFO - Sync 1 DAGs
[2026-09-23T15:55:30.248+0000] {logging_mixin.py:190} INFO - [2026-09-23T15:55:30.248+0000] {dag.py:4180} INFO - Setting next_dagrun for dss150p_sales_pipeline to 2026-09-23 02:00:00+00:00, run_after=2026-09-24 02:00:00+00:00
[2026-09-23T15:55:30.276+0000] {processor.py:208} INFO - Processing /opt/airflow/dags/dss150p_pipeline.py took 0.215 seconds
[2026-09-23T15:56:00.422+0000] {processor.py:186} INFO - Started process (PID=533) to work on /opt/airflow/dags/dss150p_pipeline.py
[2026-09-23T15:56:00.424+0000] {processor.py:914} INFO - Processing file /opt/airflow/dags/dss150p_pipeline.py for tasks to queue
[2026-09-23T15:56:00.426+0000] {logging_mixin.py:190} INFO - [2026-09-23T15:56:00.426+0000] {dagbag.py:588} INFO - Filling up the DagBag from /opt/airflow/dags/dss150p_pipeline.py
[2026-09-23T15:56:00.451+0000] {processor.py:925} INFO - DAG(s) 'dss150p_sales_pipeline' retrieved from /opt/airflow/dags/dss150p_pipeline.py
[2026-09-23T15:56:00.512+0000] {logging_mixin.py:190} INFO - [2026-09-23T15:56:00.512+0000] {dag.py:3239} INFO - Sync 1 DAGs
[2026-09-23T15:56:00.538+0000] {logging_mixin.py:190} INFO - [2026-09-23T15:56:00.537+0000] {dag.py:4180} INFO - Setting next_dagrun for dss150p_sales_pipeline to 2026-09-23 02:00:00+00:00, run_after=2026-09-24 02:00:00+00:00
[2026-09-23T15:56:00.556+0000] {processor.py:208} INFO - Processing /opt/airflow/dags/dss150p_pipeline.py took 0.141 seconds
[2026-09-23T15:56:30.713+0000] {processor.py:186} INFO - Started process (PID=538) to work on /opt/airflow/dags/dss150p_pipeline.py
[2026-09-23T15:56:30.714+0000] {processor.py:914} INFO - Processing file /opt/airflow/dags/dss150p_pipeline.py for tasks to queue
[2026-09-23T15:56:30.717+0000] {logging_mixin.py:190} INFO - [2026-09-23T15:56:30.717+0000] {dagbag.py:588} INFO - Filling up the DagBag from /opt/airflow/dags/dss150p_pipeline.py
[2026-09-23T15:56:30.741+0000] {processor.py:925} INFO - DAG(s) 'dss150p_sales_pipeline' retrieved from /opt/airflow/dags/dss150p_pipeline.py
[2026-09-23T15:56:30.807+0000] {logging_mixin.py:190} INFO - [2026-09-23T15:56:30.807+0000] {dag.py:3239} INFO - Sync 1 DAGs
[2026-09-23T15:56:30.832+0000] {logging_mixin.py:190} INFO - [2026-09-23T15:56:30.832+0000] {dag.py:4180} INFO - Setting next_dagrun for dss150p_sales_pipeline to 2026-09-23 02:00:00+00:00, run_after=2026-09-24 02:00:00+00:00
[2026-09-23T15:56:30.852+0000] {processor.py:208} INFO - Processing /opt/airflow/dags/dss150p_pipeline.py took 0.145 seconds
[2026-09-23T15:57:00.969+0000] {processor.py:186} INFO - Started process (PID=543) to work on /opt/airflow/dags/dss150p_pipeline.py
[2026-09-23T15:57:00.970+0000] {processor.py:914} INFO - Processing file /opt/airflow/dags/dss150p_pipeline.py for tasks to queue
[2026-09-23T15:57:00.973+0000] {logging_mixin.py:190} INFO - [2026-09-23T15:57:00.973+0000] {dagbag.py:588} INFO - Filling up the DagBag from /opt/airflow/dags/dss150p_pipeline.py
[2026-09-23T15:57:00.996+0000] {processor.py:925} INFO - DAG(s) 'dss150p_sales_pipeline' retrieved from /opt/airflow/dags/dss150p_pipeline.py
[2026-09-23T15:57:01.058+0000] {logging_mixin.py:190} INFO - [2026-09-23T15:57:01.058+0000] {dag.py:3239} INFO - Sync 1 DAGs
[2026-09-23T15:57:01.080+0000] {logging_mixin.py:190} INFO - [2026-09-23T15:57:01.080+0000] {dag.py:4180} INFO - Setting next_dagrun for dss150p_sales_pipeline to 2026-09-23 02:00:00+00:00, run_after=2026-09-24 02:00:00+00:00
[2026-09-23T15:57:01.098+0000] {processor.py:208} INFO - Processing /opt/airflow/dags/dss150p_pipeline.py took 0.137 seconds
[2026-09-23T15:57:31.241+0000] {processor.py:186} INFO - Started process (PID=548) to work on /opt/airflow/dags/dss150p_pipeline.py
[2026-09-23T15:57:31.242+0000] {processor.py:914} INFO - Processing file /opt/airflow/dags/dss150p_pipeline.py for tasks to queue
[2026-09-23T15:57:31.246+0000] {logging_mixin.py:190} INFO - [2026-09-23T15:57:31.245+0000] {dagbag.py:588} INFO - Filling up the DagBag from /opt/airflow/dags/dss150p_pipeline.py
[2026-09-23T15:57:31.282+0000] {processor.py:925} INFO - DAG(s) 'dss150p_sales_pipeline' retrieved from /opt/airflow/dags/dss150p_pipeline.py
[2026-09-23T15:57:31.347+0000] {logging_mixin.py:190} INFO - [2026-09-23T15:57:31.347+0000] {dag.py:3239} INFO - Sync 1 DAGs
[2026-09-23T15:57:31.372+0000] {logging_mixin.py:190} INFO - [2026-09-23T15:57:31.372+0000] {dag.py:4180} INFO - Setting next_dagrun for dss150p_sales_pipeline to 2026-09-23 02:00:00+00:00, run_after=2026-09-24 02:00:00+00:00
[2026-09-23T15:57:31.391+0000] {processor.py:208} INFO - Processing /opt/airflow/dags/dss150p_pipeline.py took 0.160 seconds
[2026-09-23T15:58:01.511+0000] {processor.py:186} INFO - Started process (PID=553) to work on /opt/airflow/dags/dss150p_pipeline.py
[2026-09-23T15:58:01.512+0000] {processor.py:914} INFO - Processing file /opt/airflow/dags/dss150p_pipeline.py for tasks to queue
[2026-09-23T15:58:01.516+0000] {logging_mixin.py:190} INFO - [2026-09-23T15:58:01.516+0000] {dagbag.py:588} INFO - Filling up the DagBag from /opt/airflow/dags/dss150p_pipeline.py
[2026-09-23T15:58:01.543+0000] {processor.py:925} INFO - DAG(s) 'dss150p_sales_pipeline' retrieved from /opt/airflow/dags/dss150p_pipeline.py
[2026-09-23T15:58:01.620+0000] {logging_mixin.py:190} INFO - [2026-09-23T15:58:01.620+0000] {dag.py:3239} INFO - Sync 1 DAGs
[2026-09-23T15:58:01.653+0000] {logging_mixin.py:190} INFO - [2026-09-23T15:58:01.653+0000] {dag.py:4180} INFO - Setting next_dagrun for dss150p_sales_pipeline to 2026-09-23 02:00:00+00:00, run_after=2026-09-24 02:00:00+00:00
[2026-09-23T15:58:01.672+0000] {processor.py:208} INFO - Processing /opt/airflow/dags/dss150p_pipeline.py took 0.168 seconds
[2026-09-23T15:58:31.799+0000] {processor.py:186} INFO - Started process (PID=558) to work on /opt/airflow/dags/dss150p_pipeline.py
[2026-09-23T15:58:31.800+0000] {processor.py:914} INFO - Processing file /opt/airflow/dags/dss150p_pipeline.py for tasks to queue
[2026-09-23T15:58:31.803+0000] {logging_mixin.py:190} INFO - [2026-09-23T15:58:31.802+0000] {dagbag.py:588} INFO - Filling up the DagBag from /opt/airflow/dags/dss150p_pipeline.py
[2026-09-23T15:58:31.823+0000] {processor.py:925} INFO - DAG(s) 'dss150p_sales_pipeline' retrieved from /opt/airflow/dags/dss150p_pipeline.py
[2026-09-23T15:58:31.884+0000] {logging_mixin.py:190} INFO - [2026-09-23T15:58:31.884+0000] {dag.py:3239} INFO - Sync 1 DAGs
[2026-09-23T15:58:31.906+0000] {logging_mixin.py:190} INFO - [2026-09-23T15:58:31.906+0000] {dag.py:4180} INFO - Setting next_dagrun for dss150p_sales_pipeline to 2026-09-23 02:00:00+00:00, run_after=2026-09-24 02:00:00+00:00
[2026-09-23T15:58:31.924+0000] {processor.py:208} INFO - Processing /opt/airflow/dags/dss150p_pipeline.py took 0.130 seconds
[2026-09-23T15:59:02.082+0000] {processor.py:186} INFO - Started process (PID=563) to work on /opt/airflow/dags/dss150p_pipeline.py
[2026-09-23T15:59:02.083+0000] {processor.py:914} INFO - Processing file /opt/airflow/dags/dss150p_pipeline.py for tasks to queue
[2026-09-23T15:59:02.086+0000] {logging_mixin.py:190} INFO - [2026-09-23T15:59:02.086+0000] {dagbag.py:588} INFO - Filling up the DagBag from /opt/airflow/dags/dss150p_pipeline.py
[2026-09-23T15:59:02.108+0000] {processor.py:925} INFO - DAG(s) 'dss150p_sales_pipeline' retrieved from /opt/airflow/dags/dss150p_pipeline.py
[2026-09-23T15:59:02.174+0000] {logging_mixin.py:190} INFO - [2026-09-23T15:59:02.173+0000] {dag.py:3239} INFO - Sync 1 DAGs
[2026-09-23T15:59:02.206+0000] {logging_mixin.py:190} INFO - [2026-09-23T15:59:02.206+0000] {dag.py:4180} INFO - Setting next_dagrun for dss150p_sales_pipeline to 2026-09-23 02:00:00+00:00, run_after=2026-09-24 02:00:00+00:00
[2026-09-23T15:59:02.227+0000] {processor.py:208} INFO - Processing /opt/airflow/dags/dss150p_pipeline.py took 0.152 seconds
[2026-09-23T15:59:32.297+0000] {processor.py:186} INFO - Started process (PID=568) to work on /opt/airflow/dags/dss150p_pipeline.py
[2026-09-23T15:59:32.298+0000] {processor.py:914} INFO - Processing file /opt/airflow/dags/dss150p_pipeline.py for tasks to queue
[2026-09-23T15:59:32.300+0000] {logging_mixin.py:190} INFO - [2026-09-23T15:59:32.300+0000] {dagbag.py:588} INFO - Filling up the DagBag from /opt/airflow/dags/dss150p_pipeline.py
[2026-09-23T15:59:32.322+0000] {processor.py:925} INFO - DAG(s) 'dss150p_sales_pipeline' retrieved from /opt/airflow/dags/dss150p_pipeline.py
[2026-09-23T15:59:32.382+0000] {logging_mixin.py:190} INFO - [2026-09-23T15:59:32.382+0000] {dag.py:3239} INFO - Sync 1 DAGs
[2026-09-23T15:59:32.406+0000] {logging_mixin.py:190} INFO - [2026-09-23T15:59:32.406+0000] {dag.py:4180} INFO - Setting next_dagrun for dss150p_sales_pipeline to 2026-09-23 02:00:00+00:00, run_after=2026-09-24 02:00:00+00:00
[2026-09-23T15:59:32.424+0000] {processor.py:208} INFO - Processing /opt/airflow/dags/dss150p_pipeline.py took 0.133 seconds
[2026-09-23T16:00:02.513+0000] {processor.py:186} INFO - Started process (PID=573) to work on /opt/airflow/dags/dss150p_pipeline.py
[2026-09-23T16:00:02.515+0000] {processor.py:914} INFO - Processing file /opt/airflow/dags/dss150p_pipeline.py for tasks to queue
[2026-09-23T16:00:02.518+0000] {logging_mixin.py:190} INFO - [2026-09-23T16:00:02.518+0000] {dagbag.py:588} INFO - Filling up the DagBag from /opt/airflow/dags/dss150p_pipeline.py
[2026-09-23T16:00:02.548+0000] {processor.py:925} INFO - DAG(s) 'dss150p_sales_pipeline' retrieved from /opt/airflow/dags/dss150p_pipeline.py
[2026-09-23T16:00:02.614+0000] {logging_mixin.py:190} INFO - [2026-09-23T16:00:02.614+0000] {dag.py:3239} INFO - Sync 1 DAGs
[2026-09-23T16:00:02.636+0000] {logging_mixin.py:190} INFO - [2026-09-23T16:00:02.636+0000] {dag.py:4180} INFO - Setting next_dagrun for dss150p_sales_pipeline to 2026-09-23 02:00:00+00:00, run_after=2026-09-24 02:00:00+00:00
[2026-09-23T16:00:02.654+0000] {processor.py:208} INFO - Processing /opt/airflow/dags/dss150p_pipeline.py took 0.149 seconds
[2026-09-23T16:00:32.802+0000] {processor.py:186} INFO - Started process (PID=578) to work on /opt/airflow/dags/dss150p_pipeline.py
[2026-09-23T16:00:32.804+0000] {processor.py:914} INFO - Processing file /opt/airflow/dags/dss150p_pipeline.py for tasks to queue
[2026-09-23T16:00:32.809+0000] {logging_mixin.py:190} INFO - [2026-09-23T16:00:32.808+0000] {dagbag.py:588} INFO - Filling up the DagBag from /opt/airflow/dags/dss150p_pipeline.py
[2026-09-23T16:00:32.842+0000] {processor.py:925} INFO - DAG(s) 'dss150p_sales_pipeline' retrieved from /opt/airflow/dags/dss150p_pipeline.py
[2026-09-23T16:00:32.906+0000] {logging_mixin.py:190} INFO - [2026-09-23T16:00:32.906+0000] {dag.py:3239} INFO - Sync 1 DAGs
[2026-09-23T16:00:32.928+0000] {logging_mixin.py:190} INFO - [2026-09-23T16:00:32.928+0000] {dag.py:4180} INFO - Setting next_dagrun for dss150p_sales_pipeline to 2026-09-23 02:00:00+00:00, run_after=2026-09-24 02:00:00+00:00
[2026-09-23T16:00:32.945+0000] {processor.py:208} INFO - Processing /opt/airflow/dags/dss150p_pipeline.py took 0.161 seconds
[2026-09-23T16:01:03.017+0000] {processor.py:186} INFO - Started process (PID=583) to work on /opt/airflow/dags/dss150p_pipeline.py
[2026-09-23T16:01:03.019+0000] {processor.py:914} INFO - Processing file /opt/airflow/dags/dss150p_pipeline.py for tasks to queue
[2026-09-23T16:01:03.021+0000] {logging_mixin.py:190} INFO - [2026-09-23T16:01:03.021+0000] {dagbag.py:588} INFO - Filling up the DagBag from /opt/airflow/dags/dss150p_pipeline.py
[2026-09-23T16:01:03.043+0000] {processor.py:925} INFO - DAG(s) 'dss150p_sales_pipeline' retrieved from /opt/airflow/dags/dss150p_pipeline.py
[2026-09-23T16:01:03.104+0000] {logging_mixin.py:190} INFO - [2026-09-23T16:01:03.103+0000] {dag.py:3239} INFO - Sync 1 DAGs
[2026-09-23T16:01:03.128+0000] {logging_mixin.py:190} INFO - [2026-09-23T16:01:03.128+0000] {dag.py:4180} INFO - Setting next_dagrun for dss150p_sales_pipeline to 2026-09-23 02:00:00+00:00, run_after=2026-09-24 02:00:00+00:00
[2026-09-23T16:01:03.148+0000] {processor.py:208} INFO - Processing /opt/airflow/dags/dss150p_pipeline.py took 0.137 seconds
[2026-09-23T16:01:33.335+0000] {processor.py:186} INFO - Started process (PID=588) to work on /opt/airflow/dags/dss150p_pipeline.py
[2026-09-23T16:01:33.336+0000] {processor.py:914} INFO - Processing file /opt/airflow/dags/dss150p_pipeline.py for tasks to queue
[2026-09-23T16:01:33.340+0000] {logging_mixin.py:190} INFO - [2026-09-23T16:01:33.339+0000] {dagbag.py:588} INFO - Filling up the DagBag from /opt/airflow/dags/dss150p_pipeline.py
[2026-09-23T16:01:33.366+0000] {processor.py:925} INFO - DAG(s) 'dss150p_sales_pipeline' retrieved from /opt/airflow/dags/dss150p_pipeline.py
[2026-09-23T16:01:33.426+0000] {logging_mixin.py:190} INFO - [2026-09-23T16:01:33.426+0000] {dag.py:3239} INFO - Sync 1 DAGs
[2026-09-23T16:01:33.449+0000] {logging_mixin.py:190} INFO - [2026-09-23T16:01:33.449+0000] {dag.py:4180} INFO - Setting next_dagrun for dss150p_sales_pipeline to 2026-09-23 02:00:00+00:00, run_after=2026-09-24 02:00:00+00:00
[2026-09-23T16:01:33.468+0000] {processor.py:208} INFO - Processing /opt/airflow/dags/dss150p_pipeline.py took 0.143 seconds
[2026-09-23T16:02:03.531+0000] {processor.py:186} INFO - Started process (PID=593) to work on /opt/airflow/dags/dss150p_pipeline.py
[2026-09-23T16:02:03.534+0000] {processor.py:914} INFO - Processing file /opt/airflow/dags/dss150p_pipeline.py for tasks to queue
[2026-09-23T16:02:03.537+0000] {logging_mixin.py:190} INFO - [2026-09-23T16:02:03.537+0000] {dagbag.py:588} INFO - Filling up the DagBag from /opt/airflow/dags/dss150p_pipeline.py
[2026-09-23T16:02:03.566+0000] {processor.py:925} INFO - DAG(s) 'dss150p_sales_pipeline' retrieved from /opt/airflow/dags/dss150p_pipeline.py
[2026-09-23T16:02:03.630+0000] {logging_mixin.py:190} INFO - [2026-09-23T16:02:03.630+0000] {dag.py:3239} INFO - Sync 1 DAGs
[2026-09-23T16:02:03.654+0000] {logging_mixin.py:190} INFO - [2026-09-23T16:02:03.654+0000] {dag.py:4180} INFO - Setting next_dagrun for dss150p_sales_pipeline to 2026-09-23 02:00:00+00:00, run_after=2026-09-24 02:00:00+00:00
[2026-09-23T16:02:03.672+0000] {processor.py:208} INFO - Processing /opt/airflow/dags/dss150p_pipeline.py took 0.150 seconds
[2026-09-23T16:02:33.821+0000] {processor.py:186} INFO - Started process (PID=598) to work on /opt/airflow/dags/dss150p_pipeline.py
[2026-09-23T16:02:33.823+0000] {processor.py:914} INFO - Processing file /opt/airflow/dags/dss150p_pipeline.py for tasks to queue
[2026-09-23T16:02:33.826+0000] {logging_mixin.py:190} INFO - [2026-09-23T16:02:33.826+0000] {dagbag.py:588} INFO - Filling up the DagBag from /opt/airflow/dags/dss150p_pipeline.py
[2026-09-23T16:02:33.848+0000] {processor.py:925} INFO - DAG(s) 'dss150p_sales_pipeline' retrieved from /opt/airflow/dags/dss150p_pipeline.py
[2026-09-23T16:02:33.914+0000] {logging_mixin.py:190} INFO - [2026-09-23T16:02:33.914+0000] {dag.py:3239} INFO - Sync 1 DAGs
[2026-09-23T16:02:33.942+0000] {logging_mixin.py:190} INFO - [2026-09-23T16:02:33.942+0000] {dag.py:4180} INFO - Setting next_dagrun for dss150p_sales_pipeline to 2026-09-23 02:00:00+00:00, run_after=2026-09-24 02:00:00+00:00
[2026-09-23T16:02:33.968+0000] {processor.py:208} INFO - Processing /opt/airflow/dags/dss150p_pipeline.py took 0.154 seconds
[2026-09-23T16:03:04.082+0000] {processor.py:186} INFO - Started process (PID=603) to work on /opt/airflow/dags/dss150p_pipeline.py
[2026-09-23T16:03:04.084+0000] {processor.py:914} INFO - Processing file /opt/airflow/dags/dss150p_pipeline.py for tasks to queue
[2026-09-23T16:03:04.088+0000] {logging_mixin.py:190} INFO - [2026-09-23T16:03:04.087+0000] {dagbag.py:588} INFO - Filling up the DagBag from /opt/airflow/dags/dss150p_pipeline.py
[2026-09-23T16:03:04.122+0000] {processor.py:925} INFO - DAG(s) 'dss150p_sales_pipeline' retrieved from /opt/airflow/dags/dss150p_pipeline.py
[2026-09-23T16:03:04.199+0000] {logging_mixin.py:190} INFO - [2026-09-23T16:03:04.198+0000] {dag.py:3239} INFO - Sync 1 DAGs
[2026-09-23T16:03:04.226+0000] {logging_mixin.py:190} INFO - [2026-09-23T16:03:04.226+0000] {dag.py:4180} INFO - Setting next_dagrun for dss150p_sales_pipeline to 2026-09-23 02:00:00+00:00, run_after=2026-09-24 02:00:00+00:00
[2026-09-23T16:03:04.249+0000] {processor.py:208} INFO - Processing /opt/airflow/dags/dss150p_pipeline.py took 0.179 seconds
[2026-09-23T16:03:34.338+0000] {processor.py:186} INFO - Started process (PID=608) to work on /opt/airflow/dags/dss150p_pipeline.py
[2026-09-23T16:03:34.339+0000] {processor.py:914} INFO - Processing file /opt/airflow/dags/dss150p_pipeline.py for tasks to queue
[2026-09-23T16:03:34.341+0000] {logging_mixin.py:190} INFO - [2026-09-23T16:03:34.341+0000] {dagbag.py:588} INFO - Filling up the DagBag from /opt/airflow/dags/dss150p_pipeline.py
[2026-09-23T16:03:34.363+0000] {processor.py:925} INFO - DAG(s) 'dss150p_sales_pipeline' retrieved from /opt/airflow/dags/dss150p_pipeline.py
[2026-09-23T16:03:34.430+0000] {logging_mixin.py:190} INFO - [2026-09-23T16:03:34.429+0000] {dag.py:3239} INFO - Sync 1 DAGs
[2026-09-23T16:03:34.462+0000] {logging_mixin.py:190} INFO - [2026-09-23T16:03:34.462+0000] {dag.py:4180} INFO - Setting next_dagrun for dss150p_sales_pipeline to 2026-09-23 02:00:00+00:00, run_after=2026-09-24 02:00:00+00:00
[2026-09-23T16:03:34.491+0000] {processor.py:208} INFO - Processing /opt/airflow/dags/dss150p_pipeline.py took 0.161 seconds
[2026-09-23T16:04:04.600+0000] {processor.py:186} INFO - Started process (PID=613) to work on /opt/airflow/dags/dss150p_pipeline.py
[2026-09-23T16:04:04.602+0000] {processor.py:914} INFO - Processing file /opt/airflow/dags/dss150p_pipeline.py for tasks to queue
[2026-09-23T16:04:04.604+0000] {logging_mixin.py:190} INFO - [2026-09-23T16:04:04.604+0000] {dagbag.py:588} INFO - Filling up the DagBag from /opt/airflow/dags/dss150p_pipeline.py
[2026-09-23T16:04:04.628+0000] {processor.py:925} INFO - DAG(s) 'dss150p_sales_pipeline' retrieved from /opt/airflow/dags/dss150p_pipeline.py
[2026-09-23T16:04:04.694+0000] {logging_mixin.py:190} INFO - [2026-09-23T16:04:04.693+0000] {dag.py:3239} INFO - Sync 1 DAGs
[2026-09-23T16:04:04.716+0000] {logging_mixin.py:190} INFO - [2026-09-23T16:04:04.716+0000] {dag.py:4180} INFO - Setting next_dagrun for dss150p_sales_pipeline to 2026-09-23 02:00:00+00:00, run_after=2026-09-24 02:00:00+00:00
[2026-09-23T16:04:04.734+0000] {processor.py:208} INFO - Processing /opt/airflow/dags/dss150p_pipeline.py took 0.140 seconds
[2026-09-23T16:04:34.900+0000] {processor.py:186} INFO - Started process (PID=618) to work on /opt/airflow/dags/dss150p_pipeline.py
[2026-09-23T16:04:34.902+0000] {processor.py:914} INFO - Processing file /opt/airflow/dags/dss150p_pipeline.py for tasks to queue
[2026-09-23T16:04:34.905+0000] {logging_mixin.py:190} INFO - [2026-09-23T16:04:34.904+0000] {dagbag.py:588} INFO - Filling up the DagBag from /opt/airflow/dags/dss150p_pipeline.py
[2026-09-23T16:04:34.931+0000] {processor.py:925} INFO - DAG(s) 'dss150p_sales_pipeline' retrieved from /opt/airflow/dags/dss150p_pipeline.py
[2026-09-23T16:04:34.993+0000] {logging_mixin.py:190} INFO - [2026-09-23T16:04:34.993+0000] {dag.py:3239} INFO - Sync 1 DAGs
[2026-09-23T16:04:35.017+0000] {logging_mixin.py:190} INFO - [2026-09-23T16:04:35.017+0000] {dag.py:4180} INFO - Setting next_dagrun for dss150p_sales_pipeline to 2026-09-23 02:00:00+00:00, run_after=2026-09-24 02:00:00+00:00
[2026-09-23T16:04:35.037+0000] {processor.py:208} INFO - Processing /opt/airflow/dags/dss150p_pipeline.py took 0.146 seconds
[2026-09-23T16:05:05.113+0000] {processor.py:186} INFO - Started process (PID=623) to work on /opt/airflow/dags/dss150p_pipeline.py
[2026-09-23T16:05:05.114+0000] {processor.py:914} INFO - Processing file /opt/airflow/dags/dss150p_pipeline.py for tasks to queue
[2026-09-23T16:05:05.117+0000] {logging_mixin.py:190} INFO - [2026-09-23T16:05:05.117+0000] {dagbag.py:588} INFO - Filling up the DagBag from /opt/airflow/dags/dss150p_pipeline.py
[2026-09-23T16:05:05.140+0000] {processor.py:925} INFO - DAG(s) 'dss150p_sales_pipeline' retrieved from /opt/airflow/dags/dss150p_pipeline.py
[2026-09-23T16:05:05.205+0000] {logging_mixin.py:190} INFO - [2026-09-23T16:05:05.205+0000] {dag.py:3239} INFO - Sync 1 DAGs
[2026-09-23T16:05:05.231+0000] {logging_mixin.py:190} INFO - [2026-09-23T16:05:05.231+0000] {dag.py:4180} INFO - Setting next_dagrun for dss150p_sales_pipeline to 2026-09-23 02:00:00+00:00, run_after=2026-09-24 02:00:00+00:00
[2026-09-23T16:05:05.250+0000] {processor.py:208} INFO - Processing /opt/airflow/dags/dss150p_pipeline.py took 0.145 seconds
[2026-09-23T16:06:07.560+0000] {processor.py:186} INFO - Started process (PID=628) to work on /opt/airflow/dags/dss150p_pipeline.py
[2026-09-23T16:06:07.561+0000] {processor.py:914} INFO - Processing file /opt/airflow/dags/dss150p_pipeline.py for tasks to queue
[2026-09-23T16:06:07.563+0000] {logging_mixin.py:190} INFO - [2026-09-23T16:06:07.562+0000] {dagbag.py:588} INFO - Filling up the DagBag from /opt/airflow/dags/dss150p_pipeline.py
[2026-09-23T16:06:07.585+0000] {processor.py:925} INFO - DAG(s) 'dss150p_sales_pipeline' retrieved from /opt/airflow/dags/dss150p_pipeline.py
[2026-09-23T16:06:07.646+0000] {logging_mixin.py:190} INFO - [2026-09-23T16:06:07.646+0000] {dag.py:3239} INFO - Sync 1 DAGs
[2026-09-23T16:06:07.668+0000] {logging_mixin.py:190} INFO - [2026-09-23T16:06:07.668+0000] {dag.py:4180} INFO - Setting next_dagrun for dss150p_sales_pipeline to 2026-09-23 02:00:00+00:00, run_after=2026-09-24 02:00:00+00:00
[2026-09-23T16:06:07.686+0000] {processor.py:208} INFO - Processing /opt/airflow/dags/dss150p_pipeline.py took 0.133 seconds
[2026-09-23T16:06:37.752+0000] {processor.py:186} INFO - Started process (PID=633) to work on /opt/airflow/dags/dss150p_pipeline.py
[2026-09-23T16:06:37.753+0000] {processor.py:914} INFO - Processing file /opt/airflow/dags/dss150p_pipeline.py for tasks to queue
[2026-09-23T16:06:37.755+0000] {logging_mixin.py:190} INFO - [2026-09-23T16:06:37.754+0000] {dagbag.py:588} INFO - Filling up the DagBag from /opt/airflow/dags/dss150p_pipeline.py
[2026-09-23T16:06:37.776+0000] {processor.py:925} INFO - DAG(s) 'dss150p_sales_pipeline' retrieved from /opt/airflow/dags/dss150p_pipeline.py
[2026-09-23T16:06:37.841+0000] {logging_mixin.py:190} INFO - [2026-09-23T16:06:37.841+0000] {dag.py:3239} INFO - Sync 1 DAGs
[2026-09-23T16:06:37.865+0000] {logging_mixin.py:190} INFO - [2026-09-23T16:06:37.865+0000] {dag.py:4180} INFO - Setting next_dagrun for dss150p_sales_pipeline to 2026-09-23 02:00:00+00:00, run_after=2026-09-24 02:00:00+00:00
[2026-09-23T16:06:37.883+0000] {processor.py:208} INFO - Processing /opt/airflow/dags/dss150p_pipeline.py took 0.138 seconds
[2026-09-23T16:07:08.106+0000] {processor.py:186} INFO - Started process (PID=638) to work on /opt/airflow/dags/dss150p_pipeline.py
[2026-09-23T16:07:08.107+0000] {processor.py:914} INFO - Processing file /opt/airflow/dags/dss150p_pipeline.py for tasks to queue
[2026-09-23T16:07:08.109+0000] {logging_mixin.py:190} INFO - [2026-09-23T16:07:08.108+0000] {dagbag.py:588} INFO - Filling up the DagBag from /opt/airflow/dags/dss150p_pipeline.py
[2026-09-23T16:07:08.133+0000] {processor.py:925} INFO - DAG(s) 'dss150p_sales_pipeline' retrieved from /opt/airflow/dags/dss150p_pipeline.py
[2026-09-23T16:07:08.198+0000] {logging_mixin.py:190} INFO - [2026-09-23T16:07:08.198+0000] {dag.py:3239} INFO - Sync 1 DAGs
[2026-09-23T16:07:08.229+0000] {logging_mixin.py:190} INFO - [2026-09-23T16:07:08.228+0000] {dag.py:4180} INFO - Setting next_dagrun for dss150p_sales_pipeline to 2026-09-23 02:00:00+00:00, run_after=2026-09-24 02:00:00+00:00
[2026-09-23T16:07:08.252+0000] {processor.py:208} INFO - Processing /opt/airflow/dags/dss150p_pipeline.py took 0.154 seconds
[2026-09-23T16:07:38.334+0000] {processor.py:186} INFO - Started process (PID=643) to work on /opt/airflow/dags/dss150p_pipeline.py
[2026-09-23T16:07:38.335+0000] {processor.py:914} INFO - Processing file /opt/airflow/dags/dss150p_pipeline.py for tasks to queue
[2026-09-23T16:07:38.337+0000] {logging_mixin.py:190} INFO - [2026-09-23T16:07:38.336+0000] {dagbag.py:588} INFO - Filling up the DagBag from /opt/airflow/dags/dss150p_pipeline.py
[2026-09-23T16:07:38.359+0000] {processor.py:925} INFO - DAG(s) 'dss150p_sales_pipeline' retrieved from /opt/airflow/dags/dss150p_pipeline.py
[2026-09-23T16:07:38.434+0000] {logging_mixin.py:190} INFO - [2026-09-23T16:07:38.434+0000] {dag.py:3239} INFO - Sync 1 DAGs
[2026-09-23T16:07:38.461+0000] {logging_mixin.py:190} INFO - [2026-09-23T16:07:38.461+0000] {dag.py:4180} INFO - Setting next_dagrun for dss150p_sales_pipeline to 2026-09-23 02:00:00+00:00, run_after=2026-09-24 02:00:00+00:00
[2026-09-23T16:07:38.479+0000] {processor.py:208} INFO - Processing /opt/airflow/dags/dss150p_pipeline.py took 0.153 seconds
[2026-09-23T16:08:08.647+0000] {processor.py:186} INFO - Started process (PID=648) to work on /opt/airflow/dags/dss150p_pipeline.py
[2026-09-23T16:08:08.648+0000] {processor.py:914} INFO - Processing file /opt/airflow/dags/dss150p_pipeline.py for tasks to queue
[2026-09-23T16:08:08.650+0000] {logging_mixin.py:190} INFO - [2026-09-23T16:08:08.649+0000] {dagbag.py:588} INFO - Filling up the DagBag from /opt/airflow/dags/dss150p_pipeline.py
[2026-09-23T16:08:08.673+0000] {processor.py:925} INFO - DAG(s) 'dss150p_sales_pipeline' retrieved from /opt/airflow/dags/dss150p_pipeline.py
[2026-09-23T16:08:08.755+0000] {logging_mixin.py:190} INFO - [2026-09-23T16:08:08.755+0000] {dag.py:3239} INFO - Sync 1 DAGs
[2026-09-23T16:08:08.778+0000] {logging_mixin.py:190} INFO - [2026-09-23T16:08:08.778+0000] {dag.py:4180} INFO - Setting next_dagrun for dss150p_sales_pipeline to 2026-09-23 02:00:00+00:00, run_after=2026-09-24 02:00:00+00:00
[2026-09-23T16:08:08.800+0000] {processor.py:208} INFO - Processing /opt/airflow/dags/dss150p_pipeline.py took 0.160 seconds
[2026-09-23T16:08:38.903+0000] {processor.py:186} INFO - Started process (PID=653) to work on /opt/airflow/dags/dss150p_pipeline.py
[2026-09-23T16:08:38.904+0000] {processor.py:914} INFO - Processing file /opt/airflow/dags/dss150p_pipeline.py for tasks to queue
[2026-09-23T16:08:38.905+0000] {logging_mixin.py:190} INFO - [2026-09-23T16:08:38.905+0000] {dagbag.py:588} INFO - Filling up the DagBag from /opt/airflow/dags/dss150p_pipeline.py
[2026-09-23T16:08:38.926+0000] {processor.py:925} INFO - DAG(s) 'dss150p_sales_pipeline' retrieved from /opt/airflow/dags/dss150p_pipeline.py
[2026-09-23T16:08:38.993+0000] {logging_mixin.py:190} INFO - [2026-09-23T16:08:38.993+0000] {dag.py:3239} INFO - Sync 1 DAGs
[2026-09-23T16:08:39.021+0000] {logging_mixin.py:190} INFO - [2026-09-23T16:08:39.020+0000] {dag.py:4180} INFO - Setting next_dagrun for dss150p_sales_pipeline to 2026-09-23 02:00:00+00:00, run_after=2026-09-24 02:00:00+00:00
[2026-09-23T16:08:39.042+0000] {processor.py:208} INFO - Processing /opt/airflow/dags/dss150p_pipeline.py took 0.146 seconds
[2026-09-23T16:09:09.207+0000] {processor.py:186} INFO - Started process (PID=658) to work on /opt/airflow/dags/dss150p_pipeline.py
[2026-09-23T16:09:09.209+0000] {processor.py:914} INFO - Processing file /opt/airflow/dags/dss150p_pipeline.py for tasks to queue
[2026-09-23T16:09:09.210+0000] {logging_mixin.py:190} INFO - [2026-09-23T16:09:09.210+0000] {dagbag.py:588} INFO - Filling up the DagBag from /opt/airflow/dags/dss150p_pipeline.py
[2026-09-23T16:09:09.233+0000] {processor.py:925} INFO - DAG(s) 'dss150p_sales_pipeline' retrieved from /opt/airflow/dags/dss150p_pipeline.py
[2026-09-23T16:09:09.292+0000] {logging_mixin.py:190} INFO - [2026-09-23T16:09:09.292+0000] {dag.py:3239} INFO - Sync 1 DAGs
[2026-09-23T16:09:09.315+0000] {logging_mixin.py:190} INFO - [2026-09-23T16:09:09.315+0000] {dag.py:4180} INFO - Setting next_dagrun for dss150p_sales_pipeline to 2026-09-23 02:00:00+00:00, run_after=2026-09-24 02:00:00+00:00
[2026-09-23T16:09:09.338+0000] {processor.py:208} INFO - Processing /opt/airflow/dags/dss150p_pipeline.py took 0.139 seconds
[2026-09-23T16:09:39.405+0000] {processor.py:186} INFO - Started process (PID=663) to work on /opt/airflow/dags/dss150p_pipeline.py
[2026-09-23T16:09:39.406+0000] {processor.py:914} INFO - Processing file /opt/airflow/dags/dss150p_pipeline.py for tasks to queue
[2026-09-23T16:09:39.408+0000] {logging_mixin.py:190} INFO - [2026-09-23T16:09:39.407+0000] {dagbag.py:588} INFO - Filling up the DagBag from /opt/airflow/dags/dss150p_pipeline.py
[2026-09-23T16:09:39.428+0000] {processor.py:925} INFO - DAG(s) 'dss150p_sales_pipeline' retrieved from /opt/airflow/dags/dss150p_pipeline.py
[2026-09-23T16:09:39.485+0000] {logging_mixin.py:190} INFO - [2026-09-23T16:09:39.484+0000] {dag.py:3239} INFO - Sync 1 DAGs
[2026-09-23T16:09:39.507+0000] {logging_mixin.py:190} INFO - [2026-09-23T16:09:39.507+0000] {dag.py:4180} INFO - Setting next_dagrun for dss150p_sales_pipeline to 2026-09-23 02:00:00+00:00, run_after=2026-09-24 02:00:00+00:00
[2026-09-23T16:09:39.529+0000] {processor.py:208} INFO - Processing /opt/airflow/dags/dss150p_pipeline.py took 0.131 seconds
[2026-09-23T16:10:09.816+0000] {processor.py:186} INFO - Started process (PID=668) to work on /opt/airflow/dags/dss150p_pipeline.py
[2026-09-23T16:10:09.817+0000] {processor.py:914} INFO - Processing file /opt/airflow/dags/dss150p_pipeline.py for tasks to queue
[2026-09-23T16:10:09.819+0000] {logging_mixin.py:190} INFO - [2026-09-23T16:10:09.818+0000] {dagbag.py:588} INFO - Filling up the DagBag from /opt/airflow/dags/dss150p_pipeline.py
[2026-09-23T16:10:09.841+0000] {processor.py:925} INFO - DAG(s) 'dss150p_sales_pipeline' retrieved from /opt/airflow/dags/dss150p_pipeline.py
[2026-09-23T16:10:09.902+0000] {logging_mixin.py:190} INFO - [2026-09-23T16:10:09.902+0000] {dag.py:3239} INFO - Sync 1 DAGs
[2026-09-23T16:10:09.926+0000] {logging_mixin.py:190} INFO - [2026-09-23T16:10:09.925+0000] {dag.py:4180} INFO - Setting next_dagrun for dss150p_sales_pipeline to 2026-09-23 02:00:00+00:00, run_after=2026-09-24 02:00:00+00:00
[2026-09-23T16:10:09.943+0000] {processor.py:208} INFO - Processing /opt/airflow/dags/dss150p_pipeline.py took 0.134 seconds
[2026-09-23T16:10:40.023+0000] {processor.py:186} INFO - Started process (PID=673) to work on /opt/airflow/dags/dss150p_pipeline.py
[2026-09-23T16:10:40.024+0000] {processor.py:914} INFO - Processing file /opt/airflow/dags/dss150p_pipeline.py for tasks to queue
[2026-09-23T16:10:40.026+0000] {logging_mixin.py:190} INFO - [2026-09-23T16:10:40.026+0000] {dagbag.py:588} INFO - Filling up the DagBag from /opt/airflow/dags/dss150p_pipeline.py
[2026-09-23T16:10:40.050+0000] {processor.py:925} INFO - DAG(s) 'dss150p_sales_pipeline' retrieved from /opt/airflow/dags/dss150p_pipeline.py
[2026-09-23T16:10:40.134+0000] {logging_mixin.py:190} INFO - [2026-09-23T16:10:40.134+0000] {dag.py:3239} INFO - Sync 1 DAGs
[2026-09-23T16:10:40.167+0000] {logging_mixin.py:190} INFO - [2026-09-23T16:10:40.166+0000] {dag.py:4180} INFO - Setting next_dagrun for dss150p_sales_pipeline to 2026-09-23 02:00:00+00:00, run_after=2026-09-24 02:00:00+00:00
[2026-09-23T16:10:40.189+0000] {processor.py:208} INFO - Processing /opt/airflow/dags/dss150p_pipeline.py took 0.176 seconds
[2026-09-23T16:11:10.362+0000] {processor.py:186} INFO - Started process (PID=678) to work on /opt/airflow/dags/dss150p_pipeline.py
[2026-09-23T16:11:10.364+0000] {processor.py:914} INFO - Processing file /opt/airflow/dags/dss150p_pipeline.py for tasks to queue
[2026-09-23T16:11:10.366+0000] {logging_mixin.py:190} INFO - [2026-09-23T16:11:10.366+0000] {dagbag.py:588} INFO - Filling up the DagBag from /opt/airflow/dags/dss150p_pipeline.py
[2026-09-23T16:11:10.399+0000] {processor.py:925} INFO - DAG(s) 'dss150p_sales_pipeline' retrieved from /opt/airflow/dags/dss150p_pipeline.py
[2026-09-23T16:11:10.472+0000] {logging_mixin.py:190} INFO - [2026-09-23T16:11:10.472+0000] {dag.py:3239} INFO - Sync 1 DAGs
[2026-09-23T16:11:10.496+0000] {logging_mixin.py:190} INFO - [2026-09-23T16:11:10.496+0000] {dag.py:4180} INFO - Setting next_dagrun for dss150p_sales_pipeline to 2026-09-23 02:00:00+00:00, run_after=2026-09-24 02:00:00+00:00
[2026-09-23T16:11:10.515+0000] {processor.py:208} INFO - Processing /opt/airflow/dags/dss150p_pipeline.py took 0.165 seconds
[2026-09-23T16:11:40.633+0000] {processor.py:186} INFO - Started process (PID=683) to work on /opt/airflow/dags/dss150p_pipeline.py
[2026-09-23T16:11:40.634+0000] {processor.py:914} INFO - Processing file /opt/airflow/dags/dss150p_pipeline.py for tasks to queue
[2026-09-23T16:11:40.636+0000] {logging_mixin.py:190} INFO - [2026-09-23T16:11:40.636+0000] {dagbag.py:588} INFO - Filling up the DagBag from /opt/airflow/dags/dss150p_pipeline.py
[2026-09-23T16:11:40.658+0000] {processor.py:925} INFO - DAG(s) 'dss150p_sales_pipeline' retrieved from /opt/airflow/dags/dss150p_pipeline.py
[2026-09-23T16:11:40.721+0000] {logging_mixin.py:190} INFO - [2026-09-23T16:11:40.721+0000] {dag.py:3239} INFO - Sync 1 DAGs
[2026-09-23T16:11:40.749+0000] {logging_mixin.py:190} INFO - [2026-09-23T16:11:40.749+0000] {dag.py:4180} INFO - Setting next_dagrun for dss150p_sales_pipeline to 2026-09-23 02:00:00+00:00, run_after=2026-09-24 02:00:00+00:00
[2026-09-23T16:11:40.768+0000] {processor.py:208} INFO - Processing /opt/airflow/dags/dss150p_pipeline.py took 0.142 seconds
[2026-09-23T16:12:10.959+0000] {processor.py:186} INFO - Started process (PID=688) to work on /opt/airflow/dags/dss150p_pipeline.py
[2026-09-23T16:12:10.960+0000] {processor.py:914} INFO - Processing file /opt/airflow/dags/dss150p_pipeline.py for tasks to queue
[2026-09-23T16:12:10.961+0000] {logging_mixin.py:190} INFO - [2026-09-23T16:12:10.961+0000] {dagbag.py:588} INFO - Filling up the DagBag from /opt/airflow/dags/dss150p_pipeline.py
[2026-09-23T16:12:10.982+0000] {processor.py:925} INFO - DAG(s) 'dss150p_sales_pipeline' retrieved from /opt/airflow/dags/dss150p_pipeline.py
[2026-09-23T16:12:11.044+0000] {logging_mixin.py:190} INFO - [2026-09-23T16:12:11.044+0000] {dag.py:3239} INFO - Sync 1 DAGs
[2026-09-23T16:12:11.072+0000] {logging_mixin.py:190} INFO - [2026-09-23T16:12:11.072+0000] {dag.py:4180} INFO - Setting next_dagrun for dss150p_sales_pipeline to 2026-09-23 02:00:00+00:00, run_after=2026-09-24 02:00:00+00:00
[2026-09-23T16:12:11.094+0000] {processor.py:208} INFO - Processing /opt/airflow/dags/dss150p_pipeline.py took 0.141 seconds
[2026-09-23T16:12:41.160+0000] {processor.py:186} INFO - Started process (PID=693) to work on /opt/airflow/dags/dss150p_pipeline.py
[2026-09-23T16:12:41.161+0000] {processor.py:914} INFO - Processing file /opt/airflow/dags/dss150p_pipeline.py for tasks to queue
[2026-09-23T16:12:41.162+0000] {logging_mixin.py:190} INFO - [2026-09-23T16:12:41.162+0000] {dagbag.py:588} INFO - Filling up the DagBag from /opt/airflow/dags/dss150p_pipeline.py
[2026-09-23T16:12:41.183+0000] {processor.py:925} INFO - DAG(s) 'dss150p_sales_pipeline' retrieved from /opt/airflow/dags/dss150p_pipeline.py
[2026-09-23T16:12:41.241+0000] {logging_mixin.py:190} INFO - [2026-09-23T16:12:41.241+0000] {dag.py:3239} INFO - Sync 1 DAGs
[2026-09-23T16:12:41.266+0000] {logging_mixin.py:190} INFO - [2026-09-23T16:12:41.266+0000] {dag.py:4180} INFO - Setting next_dagrun for dss150p_sales_pipeline to 2026-09-23 02:00:00+00:00, run_after=2026-09-24 02:00:00+00:00
[2026-09-23T16:12:41.282+0000] {processor.py:208} INFO - Processing /opt/airflow/dags/dss150p_pipeline.py took 0.129 seconds
[2026-09-23T16:13:11.451+0000] {processor.py:186} INFO - Started process (PID=698) to work on /opt/airflow/dags/dss150p_pipeline.py
[2026-09-23T16:13:11.453+0000] {processor.py:914} INFO - Processing file /opt/airflow/dags/dss150p_pipeline.py for tasks to queue
[2026-09-23T16:13:11.454+0000] {logging_mixin.py:190} INFO - [2026-09-23T16:13:11.454+0000] {dagbag.py:588} INFO - Filling up the DagBag from /opt/airflow/dags/dss150p_pipeline.py
[2026-09-23T16:13:11.476+0000] {processor.py:925} INFO - DAG(s) 'dss150p_sales_pipeline' retrieved from /opt/airflow/dags/dss150p_pipeline.py
[2026-09-23T16:13:11.534+0000] {logging_mixin.py:190} INFO - [2026-09-23T16:13:11.534+0000] {dag.py:3239} INFO - Sync 1 DAGs
[2026-09-23T16:13:11.557+0000] {logging_mixin.py:190} INFO - [2026-09-23T16:13:11.557+0000] {dag.py:4180} INFO - Setting next_dagrun for dss150p_sales_pipeline to 2026-09-23 02:00:00+00:00, run_after=2026-09-24 02:00:00+00:00
[2026-09-23T16:13:11.576+0000] {processor.py:208} INFO - Processing /opt/airflow/dags/dss150p_pipeline.py took 0.132 seconds
[2026-09-23T16:13:41.640+0000] {processor.py:186} INFO - Started process (PID=703) to work on /opt/airflow/dags/dss150p_pipeline.py
[2026-09-23T16:13:41.641+0000] {processor.py:914} INFO - Processing file /opt/airflow/dags/dss150p_pipeline.py for tasks to queue
[2026-09-23T16:13:41.643+0000] {logging_mixin.py:190} INFO - [2026-09-23T16:13:41.643+0000] {dagbag.py:588} INFO - Filling up the DagBag from /opt/airflow/dags/dss150p_pipeline.py
[2026-09-23T16:13:41.667+0000] {processor.py:925} INFO - DAG(s) 'dss150p_sales_pipeline' retrieved from /opt/airflow/dags/dss150p_pipeline.py
[2026-09-23T16:13:41.727+0000] {logging_mixin.py:190} INFO - [2026-09-23T16:13:41.726+0000] {dag.py:3239} INFO - Sync 1 DAGs
[2026-09-23T16:13:41.751+0000] {logging_mixin.py:190} INFO - [2026-09-23T16:13:41.750+0000] {dag.py:4180} INFO - Setting next_dagrun for dss150p_sales_pipeline to 2026-09-23 02:00:00+00:00, run_after=2026-09-24 02:00:00+00:00
[2026-09-23T16:13:41.768+0000] {processor.py:208} INFO - Processing /opt/airflow/dags/dss150p_pipeline.py took 0.137 seconds
[2026-09-23T16:14:11.839+0000] {processor.py:186} INFO - Started process (PID=708) to work on /opt/airflow/dags/dss150p_pipeline.py
[2026-09-23T16:14:11.840+0000] {processor.py:914} INFO - Processing file /opt/airflow/dags/dss150p_pipeline.py for tasks to queue
[2026-09-23T16:14:11.842+0000] {logging_mixin.py:190} INFO - [2026-09-23T16:14:11.842+0000] {dagbag.py:588} INFO - Filling up the DagBag from /opt/airflow/dags/dss150p_pipeline.py
[2026-09-23T16:14:11.864+0000] {processor.py:925} INFO - DAG(s) 'dss150p_sales_pipeline' retrieved from /opt/airflow/dags/dss150p_pipeline.py
[2026-09-23T16:14:11.925+0000] {logging_mixin.py:190} INFO - [2026-09-23T16:14:11.924+0000] {dag.py:3239} INFO - Sync 1 DAGs
[2026-09-23T16:14:11.949+0000] {logging_mixin.py:190} INFO - [2026-09-23T16:14:11.949+0000] {dag.py:4180} INFO - Setting next_dagrun for dss150p_sales_pipeline to 2026-09-23 02:00:00+00:00, run_after=2026-09-24 02:00:00+00:00
[2026-09-23T16:14:11.967+0000] {processor.py:208} INFO - Processing /opt/airflow/dags/dss150p_pipeline.py took 0.136 seconds
[2026-09-23T16:14:42.065+0000] {processor.py:186} INFO - Started process (PID=713) to work on /opt/airflow/dags/dss150p_pipeline.py
[2026-09-23T16:14:42.066+0000] {processor.py:914} INFO - Processing file /opt/airflow/dags/dss150p_pipeline.py for tasks to queue
[2026-09-23T16:14:42.068+0000] {logging_mixin.py:190} INFO - [2026-09-23T16:14:42.067+0000] {dagbag.py:588} INFO - Filling up the DagBag from /opt/airflow/dags/dss150p_pipeline.py
[2026-09-23T16:14:42.090+0000] {processor.py:925} INFO - DAG(s) 'dss150p_sales_pipeline' retrieved from /opt/airflow/dags/dss150p_pipeline.py
[2026-09-23T16:14:42.158+0000] {logging_mixin.py:190} INFO - [2026-09-23T16:14:42.158+0000] {dag.py:3239} INFO - Sync 1 DAGs
[2026-09-23T16:14:42.182+0000] {logging_mixin.py:190} INFO - [2026-09-23T16:14:42.181+0000] {dag.py:4180} INFO - Setting next_dagrun for dss150p_sales_pipeline to 2026-09-23 02:00:00+00:00, run_after=2026-09-24 02:00:00+00:00
[2026-09-23T16:14:42.199+0000] {processor.py:208} INFO - Processing /opt/airflow/dags/dss150p_pipeline.py took 0.142 seconds
[2026-09-23T16:15:12.357+0000] {processor.py:186} INFO - Started process (PID=718) to work on /opt/airflow/dags/dss150p_pipeline.py
[2026-09-23T16:15:12.358+0000] {processor.py:914} INFO - Processing file /opt/airflow/dags/dss150p_pipeline.py for tasks to queue
[2026-09-23T16:15:12.360+0000] {logging_mixin.py:190} INFO - [2026-09-23T16:15:12.359+0000] {dagbag.py:588} INFO - Filling up the DagBag from /opt/airflow/dags/dss150p_pipeline.py
[2026-09-23T16:15:12.381+0000] {processor.py:925} INFO - DAG(s) 'dss150p_sales_pipeline' retrieved from /opt/airflow/dags/dss150p_pipeline.py
[2026-09-23T16:15:12.442+0000] {logging_mixin.py:190} INFO - [2026-09-23T16:15:12.441+0000] {dag.py:3239} INFO - Sync 1 DAGs
[2026-09-23T16:15:12.464+0000] {logging_mixin.py:190} INFO - [2026-09-23T16:15:12.463+0000] {dag.py:4180} INFO - Setting next_dagrun for dss150p_sales_pipeline to 2026-09-23 02:00:00+00:00, run_after=2026-09-24 02:00:00+00:00
[2026-09-23T16:15:12.480+0000] {processor.py:208} INFO - Processing /opt/airflow/dags/dss150p_pipeline.py took 0.130 seconds
[2026-09-23T16:15:42.593+0000] {processor.py:186} INFO - Started process (PID=723) to work on /opt/airflow/dags/dss150p_pipeline.py
[2026-09-23T16:15:42.594+0000] {processor.py:914} INFO - Processing file /opt/airflow/dags/dss150p_pipeline.py for tasks to queue
[2026-09-23T16:15:42.596+0000] {logging_mixin.py:190} INFO - [2026-09-23T16:15:42.595+0000] {dagbag.py:588} INFO - Filling up the DagBag from /opt/airflow/dags/dss150p_pipeline.py
[2026-09-23T16:15:42.619+0000] {processor.py:925} INFO - DAG(s) 'dss150p_sales_pipeline' retrieved from /opt/airflow/dags/dss150p_pipeline.py
[2026-09-23T16:15:42.710+0000] {logging_mixin.py:190} INFO - [2026-09-23T16:15:42.710+0000] {dag.py:3239} INFO - Sync 1 DAGs
[2026-09-23T16:15:42.749+0000] {logging_mixin.py:190} INFO - [2026-09-23T16:15:42.748+0000] {dag.py:4180} INFO - Setting next_dagrun for dss150p_sales_pipeline to 2026-09-23 02:00:00+00:00, run_after=2026-09-24 02:00:00+00:00
[2026-09-23T16:15:42.783+0000] {processor.py:208} INFO - Processing /opt/airflow/dags/dss150p_pipeline.py took 0.197 seconds
[2026-09-23T16:16:12.955+0000] {processor.py:186} INFO - Started process (PID=728) to work on /opt/airflow/dags/dss150p_pipeline.py
[2026-09-23T16:16:12.956+0000] {processor.py:914} INFO - Processing file /opt/airflow/dags/dss150p_pipeline.py for tasks to queue
[2026-09-23T16:16:12.958+0000] {logging_mixin.py:190} INFO - [2026-09-23T16:16:12.957+0000] {dagbag.py:588} INFO - Filling up the DagBag from /opt/airflow/dags/dss150p_pipeline.py
[2026-09-23T16:16:12.979+0000] {processor.py:925} INFO - DAG(s) 'dss150p_sales_pipeline' retrieved from /opt/airflow/dags/dss150p_pipeline.py
[2026-09-23T16:16:13.040+0000] {logging_mixin.py:190} INFO - [2026-09-23T16:16:13.039+0000] {dag.py:3239} INFO - Sync 1 DAGs
[2026-09-23T16:16:13.064+0000] {logging_mixin.py:190} INFO - [2026-09-23T16:16:13.064+0000] {dag.py:4180} INFO - Setting next_dagrun for dss150p_sales_pipeline to 2026-09-23 02:00:00+00:00, run_after=2026-09-24 02:00:00+00:00
[2026-09-23T16:16:13.081+0000] {processor.py:208} INFO - Processing /opt/airflow/dags/dss150p_pipeline.py took 0.133 seconds
[2026-09-23T16:16:43.214+0000] {processor.py:186} INFO - Started process (PID=733) to work on /opt/airflow/dags/dss150p_pipeline.py
[2026-09-23T16:16:43.216+0000] {processor.py:914} INFO - Processing file /opt/airflow/dags/dss150p_pipeline.py for tasks to queue
[2026-09-23T16:16:43.218+0000] {logging_mixin.py:190} INFO - [2026-09-23T16:16:43.218+0000] {dagbag.py:588} INFO - Filling up the DagBag from /opt/airflow/dags/dss150p_pipeline.py
[2026-09-23T16:16:43.245+0000] {processor.py:925} INFO - DAG(s) 'dss150p_sales_pipeline' retrieved from /opt/airflow/dags/dss150p_pipeline.py
[2026-09-23T16:16:43.311+0000] {logging_mixin.py:190} INFO - [2026-09-23T16:16:43.311+0000] {dag.py:3239} INFO - Sync 1 DAGs
[2026-09-23T16:16:43.340+0000] {logging_mixin.py:190} INFO - [2026-09-23T16:16:43.340+0000] {dag.py:4180} INFO - Setting next_dagrun for dss150p_sales_pipeline to 2026-09-23 02:00:00+00:00, run_after=2026-09-24 02:00:00+00:00
[2026-09-23T16:16:43.358+0000] {processor.py:208} INFO - Processing /opt/airflow/dags/dss150p_pipeline.py took 0.153 seconds
[2026-09-23T16:17:13.529+0000] {processor.py:186} INFO - Started process (PID=738) to work on /opt/airflow/dags/dss150p_pipeline.py
[2026-09-23T16:17:13.530+0000] {processor.py:914} INFO - Processing file /opt/airflow/dags/dss150p_pipeline.py for tasks to queue
[2026-09-23T16:17:13.532+0000] {logging_mixin.py:190} INFO - [2026-09-23T16:17:13.532+0000] {dagbag.py:588} INFO - Filling up the DagBag from /opt/airflow/dags/dss150p_pipeline.py
[2026-09-23T16:17:13.553+0000] {processor.py:925} INFO - DAG(s) 'dss150p_sales_pipeline' retrieved from /opt/airflow/dags/dss150p_pipeline.py
[2026-09-23T16:17:13.610+0000] {logging_mixin.py:190} INFO - [2026-09-23T16:17:13.610+0000] {dag.py:3239} INFO - Sync 1 DAGs
[2026-09-23T16:17:13.632+0000] {logging_mixin.py:190} INFO - [2026-09-23T16:17:13.632+0000] {dag.py:4180} INFO - Setting next_dagrun for dss150p_sales_pipeline to 2026-09-23 02:00:00+00:00, run_after=2026-09-24 02:00:00+00:00
[2026-09-23T16:17:13.651+0000] {processor.py:208} INFO - Processing /opt/airflow/dags/dss150p_pipeline.py took 0.128 seconds
[2026-09-23T16:17:43.740+0000] {processor.py:186} INFO - Started process (PID=743) to work on /opt/airflow/dags/dss150p_pipeline.py
[2026-09-23T16:17:43.741+0000] {processor.py:914} INFO - Processing file /opt/airflow/dags/dss150p_pipeline.py for tasks to queue
[2026-09-23T16:17:43.743+0000] {logging_mixin.py:190} INFO - [2026-09-23T16:17:43.742+0000] {dagbag.py:588} INFO - Filling up the DagBag from /opt/airflow/dags/dss150p_pipeline.py
[2026-09-23T16:17:43.766+0000] {processor.py:925} INFO - DAG(s) 'dss150p_sales_pipeline' retrieved from /opt/airflow/dags/dss150p_pipeline.py
[2026-09-23T16:17:43.827+0000] {logging_mixin.py:190} INFO - [2026-09-23T16:17:43.827+0000] {dag.py:3239} INFO - Sync 1 DAGs
[2026-09-23T16:17:43.852+0000] {logging_mixin.py:190} INFO - [2026-09-23T16:17:43.852+0000] {dag.py:4180} INFO - Setting next_dagrun for dss150p_sales_pipeline to 2026-09-23 02:00:00+00:00, run_after=2026-09-24 02:00:00+00:00
[2026-09-23T16:17:43.870+0000] {processor.py:208} INFO - Processing /opt/airflow/dags/dss150p_pipeline.py took 0.139 seconds
[2026-09-23T16:18:14.061+0000] {processor.py:186} INFO - Started process (PID=748) to work on /opt/airflow/dags/dss150p_pipeline.py
[2026-09-23T16:18:14.062+0000] {processor.py:914} INFO - Processing file /opt/airflow/dags/dss150p_pipeline.py for tasks to queue
[2026-09-23T16:18:14.064+0000] {logging_mixin.py:190} INFO - [2026-09-23T16:18:14.063+0000] {dagbag.py:588} INFO - Filling up the DagBag from /opt/airflow/dags/dss150p_pipeline.py
[2026-09-23T16:18:14.086+0000] {processor.py:925} INFO - DAG(s) 'dss150p_sales_pipeline' retrieved from /opt/airflow/dags/dss150p_pipeline.py
[2026-09-23T16:18:14.146+0000] {logging_mixin.py:190} INFO - [2026-09-23T16:18:14.146+0000] {dag.py:3239} INFO - Sync 1 DAGs
[2026-09-23T16:18:14.169+0000] {logging_mixin.py:190} INFO - [2026-09-23T16:18:14.169+0000] {dag.py:4180} INFO - Setting next_dagrun for dss150p_sales_pipeline to 2026-09-23 02:00:00+00:00, run_after=2026-09-24 02:00:00+00:00
[2026-09-23T16:18:14.189+0000] {processor.py:208} INFO - Processing /opt/airflow/dags/dss150p_pipeline.py took 0.135 seconds
[2026-09-23T16:18:44.245+0000] {processor.py:186} INFO - Started process (PID=753) to work on /opt/airflow/dags/dss150p_pipeline.py
[2026-09-23T16:18:44.246+0000] {processor.py:914} INFO - Processing file /opt/airflow/dags/dss150p_pipeline.py for tasks to queue
[2026-09-23T16:18:44.248+0000] {logging_mixin.py:190} INFO - [2026-09-23T16:18:44.247+0000] {dagbag.py:588} INFO - Filling up the DagBag from /opt/airflow/dags/dss150p_pipeline.py
[2026-09-23T16:18:44.268+0000] {processor.py:925} INFO - DAG(s) 'dss150p_sales_pipeline' retrieved from /opt/airflow/dags/dss150p_pipeline.py
[2026-09-23T16:18:44.326+0000] {logging_mixin.py:190} INFO - [2026-09-23T16:18:44.325+0000] {dag.py:3239} INFO - Sync 1 DAGs
[2026-09-23T16:18:44.368+0000] {logging_mixin.py:190} INFO - [2026-09-23T16:18:44.368+0000] {dag.py:4180} INFO - Setting next_dagrun for dss150p_sales_pipeline to 2026-09-23 02:00:00+00:00, run_after=2026-09-24 02:00:00+00:00
[2026-09-23T16:18:44.426+0000] {processor.py:208} INFO - Processing /opt/airflow/dags/dss150p_pipeline.py took 0.188 seconds
[2026-09-23T16:19:14.647+0000] {processor.py:186} INFO - Started process (PID=758) to work on /opt/airflow/dags/dss150p_pipeline.py
[2026-09-23T16:19:14.648+0000] {processor.py:914} INFO - Processing file /opt/airflow/dags/dss150p_pipeline.py for tasks to queue
[2026-09-23T16:19:14.650+0000] {logging_mixin.py:190} INFO - [2026-09-23T16:19:14.649+0000] {dagbag.py:588} INFO - Filling up the DagBag from /opt/airflow/dags/dss150p_pipeline.py
[2026-09-23T16:19:14.677+0000] {processor.py:925} INFO - DAG(s) 'dss150p_sales_pipeline' retrieved from /opt/airflow/dags/dss150p_pipeline.py
[2026-09-23T16:19:14.747+0000] {logging_mixin.py:190} INFO - [2026-09-23T16:19:14.746+0000] {dag.py:3239} INFO - Sync 1 DAGs
[2026-09-23T16:19:14.774+0000] {logging_mixin.py:190} INFO - [2026-09-23T16:19:14.774+0000] {dag.py:4180} INFO - Setting next_dagrun for dss150p_sales_pipeline to 2026-09-23 02:00:00+00:00, run_after=2026-09-24 02:00:00+00:00
[2026-09-23T16:19:14.798+0000] {processor.py:208} INFO - Processing /opt/airflow/dags/dss150p_pipeline.py took 0.159 seconds
[2026-09-23T16:19:44.846+0000] {processor.py:186} INFO - Started process (PID=763) to work on /opt/airflow/dags/dss150p_pipeline.py
[2026-09-23T16:19:44.847+0000] {processor.py:914} INFO - Processing file /opt/airflow/dags/dss150p_pipeline.py for tasks to queue
[2026-09-23T16:19:44.849+0000] {logging_mixin.py:190} INFO - [2026-09-23T16:19:44.849+0000] {dagbag.py:588} INFO - Filling up the DagBag from /opt/airflow/dags/dss150p_pipeline.py
[2026-09-23T16:19:44.874+0000] {processor.py:925} INFO - DAG(s) 'dss150p_sales_pipeline' retrieved from /opt/airflow/dags/dss150p_pipeline.py
[2026-09-23T16:19:44.942+0000] {logging_mixin.py:190} INFO - [2026-09-23T16:19:44.942+0000] {dag.py:3239} INFO - Sync 1 DAGs
[2026-09-23T16:19:44.965+0000] {logging_mixin.py:190} INFO - [2026-09-23T16:19:44.965+0000] {dag.py:4180} INFO - Setting next_dagrun for dss150p_sales_pipeline to 2026-09-23 02:00:00+00:00, run_after=2026-09-24 02:00:00+00:00
[2026-09-23T16:19:44.983+0000] {processor.py:208} INFO - Processing /opt/airflow/dags/dss150p_pipeline.py took 0.145 seconds
[2026-09-23T16:20:15.223+0000] {processor.py:186} INFO - Started process (PID=768) to work on /opt/airflow/dags/dss150p_pipeline.py
[2026-09-23T16:20:15.224+0000] {processor.py:914} INFO - Processing file /opt/airflow/dags/dss150p_pipeline.py for tasks to queue
[2026-09-23T16:20:15.226+0000] {logging_mixin.py:190} INFO - [2026-09-23T16:20:15.225+0000] {dagbag.py:588} INFO - Filling up the DagBag from /opt/airflow/dags/dss150p_pipeline.py
[2026-09-23T16:20:15.246+0000] {processor.py:925} INFO - DAG(s) 'dss150p_sales_pipeline' retrieved from /opt/airflow/dags/dss150p_pipeline.py
[2026-09-23T16:20:15.302+0000] {logging_mixin.py:190} INFO - [2026-09-23T16:20:15.301+0000] {dag.py:3239} INFO - Sync 1 DAGs
[2026-09-23T16:20:15.326+0000] {logging_mixin.py:190} INFO - [2026-09-23T16:20:15.326+0000] {dag.py:4180} INFO - Setting next_dagrun for dss150p_sales_pipeline to 2026-09-23 02:00:00+00:00, run_after=2026-09-24 02:00:00+00:00
[2026-09-23T16:20:15.343+0000] {processor.py:208} INFO - Processing /opt/airflow/dags/dss150p_pipeline.py took 0.126 seconds
[2026-09-23T16:20:45.423+0000] {processor.py:186} INFO - Started process (PID=773) to work on /opt/airflow/dags/dss150p_pipeline.py
[2026-09-23T16:20:45.424+0000] {processor.py:914} INFO - Processing file /opt/airflow/dags/dss150p_pipeline.py for tasks to queue
[2026-09-23T16:20:45.426+0000] {logging_mixin.py:190} INFO - [2026-09-23T16:20:45.425+0000] {dagbag.py:588} INFO - Filling up the DagBag from /opt/airflow/dags/dss150p_pipeline.py
[2026-09-23T16:20:45.448+0000] {processor.py:925} INFO - DAG(s) 'dss150p_sales_pipeline' retrieved from /opt/airflow/dags/dss150p_pipeline.py
[2026-09-23T16:20:45.511+0000] {logging_mixin.py:190} INFO - [2026-09-23T16:20:45.511+0000] {dag.py:3239} INFO - Sync 1 DAGs
[2026-09-23T16:20:45.533+0000] {logging_mixin.py:190} INFO - [2026-09-23T16:20:45.533+0000] {dag.py:4180} INFO - Setting next_dagrun for dss150p_sales_pipeline to 2026-09-23 02:00:00+00:00, run_after=2026-09-24 02:00:00+00:00
[2026-09-23T16:20:45.551+0000] {processor.py:208} INFO - Processing /opt/airflow/dags/dss150p_pipeline.py took 0.136 seconds
[2026-09-23T16:21:15.731+0000] {processor.py:186} INFO - Started process (PID=778) to work on /opt/airflow/dags/dss150p_pipeline.py
[2026-09-23T16:21:15.733+0000] {processor.py:914} INFO - Processing file /opt/airflow/dags/dss150p_pipeline.py for tasks to queue
[2026-09-23T16:21:15.735+0000] {logging_mixin.py:190} INFO - [2026-09-23T16:21:15.734+0000] {dagbag.py:588} INFO - Filling up the DagBag from /opt/airflow/dags/dss150p_pipeline.py
[2026-09-23T16:21:15.759+0000] {processor.py:925} INFO - DAG(s) 'dss150p_sales_pipeline' retrieved from /opt/airflow/dags/dss150p_pipeline.py
[2026-09-23T16:21:15.817+0000] {logging_mixin.py:190} INFO - [2026-09-23T16:21:15.817+0000] {dag.py:3239} INFO - Sync 1 DAGs
[2026-09-23T16:21:15.841+0000] {logging_mixin.py:190} INFO - [2026-09-23T16:21:15.841+0000] {dag.py:4180} INFO - Setting next_dagrun for dss150p_sales_pipeline to 2026-09-23 02:00:00+00:00, run_after=2026-09-24 02:00:00+00:00
[2026-09-23T16:21:15.859+0000] {processor.py:208} INFO - Processing /opt/airflow/dags/dss150p_pipeline.py took 0.135 seconds
[2026-09-23T16:21:45.914+0000] {processor.py:186} INFO - Started process (PID=783) to work on /opt/airflow/dags/dss150p_pipeline.py
[2026-09-23T16:21:45.916+0000] {processor.py:914} INFO - Processing file /opt/airflow/dags/dss150p_pipeline.py for tasks to queue
[2026-09-23T16:21:45.918+0000] {logging_mixin.py:190} INFO - [2026-09-23T16:21:45.918+0000] {dagbag.py:588} INFO - Filling up the DagBag from /opt/airflow/dags/dss150p_pipeline.py
[2026-09-23T16:21:45.941+0000] {processor.py:925} INFO - DAG(s) 'dss150p_sales_pipeline' retrieved from /opt/airflow/dags/dss150p_pipeline.py
[2026-09-23T16:21:46.016+0000] {logging_mixin.py:190} INFO - [2026-09-23T16:21:46.015+0000] {dag.py:3239} INFO - Sync 1 DAGs
[2026-09-23T16:21:46.045+0000] {logging_mixin.py:190} INFO - [2026-09-23T16:21:46.044+0000] {dag.py:4180} INFO - Setting next_dagrun for dss150p_sales_pipeline to 2026-09-23 02:00:00+00:00, run_after=2026-09-24 02:00:00+00:00
[2026-09-23T16:21:46.070+0000] {processor.py:208} INFO - Processing /opt/airflow/dags/dss150p_pipeline.py took 0.164 seconds
